title,title_normalized,genre,release_date,duration,cover_image_url,likes,times_played,album_id,spotify_url,spotify_preview_url
NADIE SABE,nadie sabe,reggaeton,2023-10-13,06:19,https://i.scdn.co/image/ab67616d0000b2737b1fc51ff3257b5286a1ecec,587,33528,1,https://open.spotify.com/track/23d8v6tU6lR77pFKsApMtF,https://p.scdn.co/mp3-preview/51dd137993f24373690dff8316152f4bcc6af5da?cid=61492e37fc6d4819af6687936f4da95a
MONACO,monaco,reggaeton,2023-10-13,04:27,https://i.scdn.co/image/ab67616d0000b2737b1fc51ff3257b5286a1ecec,803,50848,1,https://open.spotify.com/track/4MjDJD8cW7iVeWInc2Bdyj,https://p.scdn.co/mp3-preview/f80c7cc394457fc77cd6668a715b039fd86404f9?cid=61492e37fc6d4819af6687936f4da95a
FINA,fina,reggaeton,2023-10-13,03:36,https://i.scdn.co/image/ab67616d0000b2737b1fc51ff3257b5286a1ecec,255,68945,1,https://open.spotify.com/track/3nNmRE0DxHC6ZaKkrpUumS,https://p.scdn.co/mp3-preview/9c509375881326cce87f83268838e87eaa899065?cid=61492e37fc6d4819af6687936f4da95a
HIBIKI,hibiki,reggaeton,2023-10-13,03:28,https://i.scdn.co/image/ab67616d0000b2737b1fc51ff3257b5286a1ecec,517,98838,1,https://open.spotify.com/track/4qSEvFGCpde73gqIuq3sho,https://p.scdn.co/mp3-preview/f9233d352b7669874451bd6a650875c9fda89905?cid=61492e37fc6d4819af6687936f4da95a
MR. OCTOBER,mr. october,reggaeton,2023-10-13,03:09,https://i.scdn.co/image/ab67616d0000b2737b1fc51ff3257b5286a1ecec,124,12808,1,https://open.spotify.com/track/1ODFVLQszq0hCOdZtqV5wq,https://p.scdn.co/mp3-preview/c6547dcd44222c4624a5630ef61b36cb839e4c6b?cid=61492e37fc6d4819af6687936f4da95a
CYBERTRUCK,cybertruck,reggaeton,2023-10-13,03:11,https://i.scdn.co/image/ab67616d0000b2737b1fc51ff3257b5286a1ecec,484,64228,1,https://open.spotify.com/track/4Jc7252S1P99DjQ1lNGEOc,https://p.scdn.co/mp3-preview/4a0e0ec030267b254aff095ba3dcda38d02ff3df?cid=61492e37fc6d4819af6687936f4da95a
VOU 787,vou 787,reggaeton,2023-10-13,02:03,https://i.scdn.co/image/ab67616d0000b2737b1fc51ff3257b5286a1ecec,569,55142,1,https://open.spotify.com/track/0rDQZJtSGgsB2rdkObpdFa,https://p.scdn.co/mp3-preview/a1024b80de136bb610df0bdd0e6ce54155448660?cid=61492e37fc6d4819af6687936f4da95a
SEDA,seda,reggaeton,2023-10-13,03:10,https://i.scdn.co/image/ab67616d0000b2737b1fc51ff3257b5286a1ecec,678,82606,1,https://open.spotify.com/track/1YnChEM51BVZ5dRhbVFEMl,https://p.scdn.co/mp3-preview/b3bc97e40df924a4ee64db4b14c4576eac2e6dda?cid=61492e37fc6d4819af6687936f4da95a
GRACIAS POR NADA,gracias por nada,reggaeton,2023-10-13,02:57,https://i.scdn.co/image/ab67616d0000b2737b1fc51ff3257b5286a1ecec,561,79283,1,https://open.spotify.com/track/1U3A66OHQyTu4N2QTMsP86,https://p.scdn.co/mp3-preview/34ba269209d0ea91e04e7db0f3293f3ba1db2b37?cid=61492e37fc6d4819af6687936f4da95a
TELEFONO NUEVO,telefono nuevo,reggaeton,2023-10-13,05:54,https://i.scdn.co/image/ab67616d0000b2737b1fc51ff3257b5286a1ecec,737,60033,1,https://open.spotify.com/track/01ppKlDRCmPpusO3yNrSRY,https://p.scdn.co/mp3-preview/f5f51667164564c7f644d906087e458ac6ddb6f5?cid=61492e37fc6d4819af6687936f4da95a
Moscow Mule,moscow mule,reggaeton,2022-05-06,04:05,https://i.scdn.co/image/ab67616d0000b27349d694203245f241a1bcaa72,44,43695,2,https://open.spotify.com/track/6Xom58OOXk2SoU711L2IXO,https://p.scdn.co/mp3-preview/77b12f38abcff65705166d67b5657f70cd890635?cid=61492e37fc6d4819af6687936f4da95a
Después de la Playa,despues de la playa,reggaeton,2022-05-06,03:50,https://i.scdn.co/image/ab67616d0000b27349d694203245f241a1bcaa72,1,21738,2,https://open.spotify.com/track/1dm6z1fWB0cErMszU25dy2,https://p.scdn.co/mp3-preview/e2024fddb76898adc88450c9fb5f107be33ec687?cid=61492e37fc6d4819af6687936f4da95a
Me Porto Bonito,me porto bonito,reggaeton,2022-05-06,02:58,https://i.scdn.co/image/ab67616d0000b27349d694203245f241a1bcaa72,499,4509,2,https://open.spotify.com/track/6Sq7ltF9Qa7SNFBsV5Cogx,https://p.scdn.co/mp3-preview/5c80aedfe75d2bc15aa0e803993c43395d8054fe?cid=61492e37fc6d4819af6687936f4da95a
Tití Me Preguntó,titi me pregunto,reggaeton,2022-05-06,04:03,https://i.scdn.co/image/ab67616d0000b27349d694203245f241a1bcaa72,460,49520,2,https://open.spotify.com/track/1IHWl5LamUGEuP4ozKQSXZ,https://p.scdn.co/mp3-preview/53a6217761f8fdfcff92189cafbbd1cc21fdb813?cid=61492e37fc6d4819af6687936f4da95a
Un Ratito,un ratito,reggaeton,2022-05-06,02:56,https://i.scdn.co/image/ab67616d0000b27349d694203245f241a1bcaa72,889,50070,2,https://open.spotify.com/track/5CzixCxDkRXX9mScCmah8O,https://p.scdn.co/mp3-preview/3d4b0938676764884abfc3cce957d7cf2997c5bc?cid=61492e37fc6d4819af6687936f4da95a
Yo No Soy Celoso,yo no soy celoso,reggaeton,2022-05-06,03:50,https://i.scdn.co/image/ab67616d0000b27349d694203245f241a1bcaa72,412,55096,2,https://open.spotify.com/track/5kVZxyMY1gfdCLiChsfjn1,https://p.scdn.co/mp3-preview/17a21f06ba7fccbca38b0697ca1f685b7af10c4a?cid=61492e37fc6d4819af6687936f4da95a
Tarot,tarot,reggaeton,2022-05-06,03:57,https://i.scdn.co/image/ab67616d0000b27349d694203245f241a1bcaa72,903,46343,2,https://open.spotify.com/track/41oY4WCTj5kccfesTVFnvN,https://p.scdn.co/mp3-preview/bc4364a892df4b7855e9211304773819f514c301?cid=61492e37fc6d4819af6687936f4da95a
Neverita,neverita,reggaeton,2022-05-06,02:53,https://i.scdn.co/image/ab67616d0000b27349d694203245f241a1bcaa72,837,39395,2,https://open.spotify.com/track/31i56LZnwE6uSu3exoHjtB,https://p.scdn.co/mp3-preview/b50a3cafa2eb688f811d4079812649bfba050417?cid=61492e37fc6d4819af6687936f4da95a
La Corriente,la corriente,reggaeton,2022-05-06,03:18,https://i.scdn.co/image/ab67616d0000b27349d694203245f241a1bcaa72,356,46102,2,https://open.spotify.com/track/1797zYiX4cKosMH836X9Gt,https://p.scdn.co/mp3-preview/ff4806e5df5363648ab8763590c9e9ec753d3928?cid=61492e37fc6d4819af6687936f4da95a
Efecto,efecto,reggaeton,2022-05-06,03:33,https://i.scdn.co/image/ab67616d0000b27349d694203245f241a1bcaa72,358,15339,2,https://open.spotify.com/track/5Eax0qFko2dh7Rl2lYs3bx,https://p.scdn.co/mp3-preview/a622a47c8df98ef72676608511c0b2e1d5d51268?cid=61492e37fc6d4819af6687936f4da95a
EL MUNDO ES MÍO,el mundo es mio,reggaeton,2020-11-27,02:45,https://i.scdn.co/image/ab67616d0000b273005ee342f4eef2cc6e8436ab,635,2667,3,https://open.spotify.com/track/36DHxTW2xdr9GG15T9oK9L,https://p.scdn.co/mp3-preview/791178f18483f949f9ad6d330ea1d39023815b1a?cid=61492e37fc6d4819af6687936f4da95a
TE MUDASTE,te mudaste,reggaeton,2020-11-27,02:10,https://i.scdn.co/image/ab67616d0000b273005ee342f4eef2cc6e8436ab,229,61523,3,https://open.spotify.com/track/5RubKOuDoPn5Kj5TLVxSxY,https://p.scdn.co/mp3-preview/1ff592dadd01a11b593bc36d15ee688282ad6246?cid=61492e37fc6d4819af6687936f4da95a
HOY COBRÉ,hoy cobre,reggaeton,2020-11-27,02:42,https://i.scdn.co/image/ab67616d0000b273005ee342f4eef2cc6e8436ab,717,44057,3,https://open.spotify.com/track/0tjZv2hChdHZCW1zFXpy1J,https://p.scdn.co/mp3-preview/8e764a1d7a3fcf653a8080cbf32a798cd79f1b7b?cid=61492e37fc6d4819af6687936f4da95a
MALDITA POBREZA,maldita pobreza,reggaeton,2020-11-27,03:33,https://i.scdn.co/image/ab67616d0000b273005ee342f4eef2cc6e8436ab,149,91542,3,https://open.spotify.com/track/0Lsis3LB0XAK6XlTHXaJk2,https://p.scdn.co/mp3-preview/9bc1a4f98bc85c3d67cc922f8b0d7a3531318005?cid=61492e37fc6d4819af6687936f4da95a
LA NOCHE DE ANOCHE,la noche de anoche,reggaeton,2020-11-27,03:23,https://i.scdn.co/image/ab67616d0000b273005ee342f4eef2cc6e8436ab,797,99217,3,https://open.spotify.com/track/2XIc1pqjXV3Cr2BQUGNBck,https://p.scdn.co/mp3-preview/a3ed62c5afae78f594a7346af78a9638a7bce068?cid=61492e37fc6d4819af6687936f4da95a
TE DESEO LO MEJOR,te deseo lo mejor,reggaeton,2020-11-27,02:19,https://i.scdn.co/image/ab67616d0000b273005ee342f4eef2cc6e8436ab,192,54755,3,https://open.spotify.com/track/23XjN1s3DZC8Q9ZwuorYY4,https://p.scdn.co/mp3-preview/746c0b68c5725d9515f3a0fae2c051e9d4edefdf?cid=61492e37fc6d4819af6687936f4da95a
YO VISTO ASÍ,yo visto asi,reggaeton,2020-11-27,03:11,https://i.scdn.co/image/ab67616d0000b273005ee342f4eef2cc6e8436ab,772,6000,3,https://open.spotify.com/track/5fROvzNghPid8mbKNDYvpJ,https://p.scdn.co/mp3-preview/74b416f5fa6095f8229e1e9a21e7dd4c9c978ebb?cid=61492e37fc6d4819af6687936f4da95a
HACIENDO QUE ME AMAS,haciendo que me amas,reggaeton,2020-11-27,03:37,https://i.scdn.co/image/ab67616d0000b273005ee342f4eef2cc6e8436ab,175,95973,3,https://open.spotify.com/track/26QApq0cuO9brJigr0C0W4,https://p.scdn.co/mp3-preview/43df8ff1f39191d9e55648e23c9c3cab4be0cb36?cid=61492e37fc6d4819af6687936f4da95a
BOOKER T,booker t,reggaeton,2020-11-27,02:36,https://i.scdn.co/image/ab67616d0000b273005ee342f4eef2cc6e8436ab,710,63710,3,https://open.spotify.com/track/26w9NTiE9NGjW1ZvIOd1So,https://p.scdn.co/mp3-preview/996387af6f281d065ca89ef0713dbf1565bb108a?cid=61492e37fc6d4819af6687936f4da95a
LA DROGA,la droga,reggaeton,2020-11-27,02:42,https://i.scdn.co/image/ab67616d0000b273005ee342f4eef2cc6e8436ab,713,23859,3,https://open.spotify.com/track/67ACYA3UI6QMNtHX6b34wX,https://p.scdn.co/mp3-preview/df6ab4f9202773ca324e79d0ee51524b13766971?cid=61492e37fc6d4819af6687936f4da95a
SI ELLA SALE,si ella sale,reggaeton,2020-05-10,02:23,https://i.scdn.co/image/ab67616d0000b273ae879683217d488c39600092,124,1646,4,https://open.spotify.com/track/1zaDh3qaGSeSmulNyWlUxm,https://p.scdn.co/mp3-preview/7bf47a6f685fecbc62bc7ac89d05a8df69d8e89a?cid=61492e37fc6d4819af6687936f4da95a
MÁS DE UNA CITA,mas de una cita,reggaeton,2020-05-10,03:03,https://i.scdn.co/image/ab67616d0000b273ae879683217d488c39600092,590,96882,4,https://open.spotify.com/track/4EJHKSnHENfjOxXWryyNtL,https://p.scdn.co/mp3-preview/0799e444a288cd66d7c4c6f9e71a62029c2c66f1?cid=61492e37fc6d4819af6687936f4da95a
BYE ME FUI,bye me fui,reggaeton,2020-05-10,02:58,https://i.scdn.co/image/ab67616d0000b273ae879683217d488c39600092,745,27074,4,https://open.spotify.com/track/0FktnzDqjClqU6iqOZVEs2,https://p.scdn.co/mp3-preview/47c4c7047cdca1bc8e3491f4475e87fe1c8cd958?cid=61492e37fc6d4819af6687936f4da95a
CANCIÓN CON YANDEL,cancion con yandel,reggaeton,2020-05-10,03:29,https://i.scdn.co/image/ab67616d0000b273ae879683217d488c39600092,320,29462,4,https://open.spotify.com/track/3pm4XtcsRIFFtH2UErk62R,https://p.scdn.co/mp3-preview/cad5475ccd0a5681cf34fb8fb4ba96901951908f?cid=61492e37fc6d4819af6687936f4da95a
PA' ROMPERLA,pa' romperla,reggaeton,2020-05-10,03:14,https://i.scdn.co/image/ab67616d0000b273ae879683217d488c39600092,181,25545,4,https://open.spotify.com/track/5XqCz18k96K8tx6DAYM97i,https://p.scdn.co/mp3-preview/0ade11238538b7bb6076eedabc752b180f44103c?cid=61492e37fc6d4819af6687936f4da95a
BAD CON NICKY,bad con nicky,reggaeton,2020-05-10,03:22,https://i.scdn.co/image/ab67616d0000b273ae879683217d488c39600092,460,63084,4,https://open.spotify.com/track/5bmSver2b3ZXyuyLKtgnFI,https://p.scdn.co/mp3-preview/b6429538d185525d0aacd6f8a797105a651d94b6?cid=61492e37fc6d4819af6687936f4da95a
BENDICIONES,bendiciones,reggaeton,2020-05-10,02:35,https://i.scdn.co/image/ab67616d0000b273ae879683217d488c39600092,174,32676,4,https://open.spotify.com/track/2CoMYp2uIKsT09nreEZnZn,https://p.scdn.co/mp3-preview/c736095d09fd2b060a0c4bdc272af555adab4951?cid=61492e37fc6d4819af6687936f4da95a
CÓMO SE SIENTE - Remix,como se siente - remix,reggaeton,2020-05-10,03:47,https://i.scdn.co/image/ab67616d0000b273ae879683217d488c39600092,20,68672,4,https://open.spotify.com/track/6KFjMJJq8UZpfUyDgeH0Yl,
RONCA FREESTYLE,ronca freestyle,reggaeton,2020-05-10,02:30,https://i.scdn.co/image/ab67616d0000b273ae879683217d488c39600092,479,56431,4,https://open.spotify.com/track/3XZeOzJ9tqnu58YP6cqApI,https://p.scdn.co/mp3-preview/6da96d250e0341c7488d722a6fc556c8af9564ac?cid=61492e37fc6d4819af6687936f4da95a
EN CASITA,en casita,reggaeton,2020-05-10,02:56,https://i.scdn.co/image/ab67616d0000b273ae879683217d488c39600092,176,83448,4,https://open.spotify.com/track/2DhNdoHxavs7Qtf5MnhZD0,https://p.scdn.co/mp3-preview/1c9d65a1ed7e0c4b780f0736bb1f61afff3981b1?cid=61492e37fc6d4819af6687936f4da95a
Si Veo a Tu Mamá,si veo a tu mama,reggaeton,2020-02-29,02:50,https://i.scdn.co/image/ab67616d0000b273548f7ec52da7313de0c5e4a0,312,8698,5,https://open.spotify.com/track/41wtwzCZkXwpnakmwJ239F,https://p.scdn.co/mp3-preview/b48baafc0b7c1c56bfaa445e6feaab155f0638f1?cid=61492e37fc6d4819af6687936f4da95a
La Difícil,la dificil,reggaeton,2020-02-29,02:43,https://i.scdn.co/image/ab67616d0000b273548f7ec52da7313de0c5e4a0,367,79237,5,https://open.spotify.com/track/6NfrH0ANGmgBXyxgV2PeXt,https://p.scdn.co/mp3-preview/9809bdcf8cdeda1a0569e596214a40026fad16c8?cid=61492e37fc6d4819af6687936f4da95a
Pero Ya No,pero ya no,reggaeton,2020-02-29,02:40,https://i.scdn.co/image/ab67616d0000b273548f7ec52da7313de0c5e4a0,362,547,5,https://open.spotify.com/track/75pQqzwgCjUOSSy5CpmAjy,https://p.scdn.co/mp3-preview/2a33e36ccc9c8110e6cf16cdfbb29200f2849586?cid=61492e37fc6d4819af6687936f4da95a
La Santa,la santa,reggaeton,2020-02-29,03:26,https://i.scdn.co/image/ab67616d0000b273548f7ec52da7313de0c5e4a0,732,7241,5,https://open.spotify.com/track/69vlMrzHwATKzupwNcUPyK,https://p.scdn.co/mp3-preview/4f254b6b29d6fdc408d62e0eb024b79b8cab5ba6?cid=61492e37fc6d4819af6687936f4da95a
Yo Perreo Sola,yo perreo sola,reggaeton,2020-02-29,02:52,https://i.scdn.co/image/ab67616d0000b273548f7ec52da7313de0c5e4a0,652,60757,5,https://open.spotify.com/track/0SqqAgdovOE24BzxIClpjw,https://p.scdn.co/mp3-preview/06a3cbecb8c691c1098d8c06a9d14e66bc1759e7?cid=61492e37fc6d4819af6687936f4da95a
Bichiyal,bichiyal,reggaeton,2020-02-29,03:16,https://i.scdn.co/image/ab67616d0000b273548f7ec52da7313de0c5e4a0,203,88412,5,https://open.spotify.com/track/4j4w4CXm6BSr0s25wAWrrX,https://p.scdn.co/mp3-preview/51334b8e9e48d7a3e1047477568c9ee7469be96b?cid=61492e37fc6d4819af6687936f4da95a
Soliá,solia,reggaeton,2020-02-29,02:39,https://i.scdn.co/image/ab67616d0000b273548f7ec52da7313de0c5e4a0,304,76632,5,https://open.spotify.com/track/7sOfmPd18RWp3FoCzpa7Kw,https://p.scdn.co/mp3-preview/72acfd6bb41bb3df9a4da5b0d344c221ed9aea3e?cid=61492e37fc6d4819af6687936f4da95a
La Zona,la zona,reggaeton,2020-02-29,02:16,https://i.scdn.co/image/ab67616d0000b273548f7ec52da7313de0c5e4a0,690,98580,5,https://open.spotify.com/track/5kqNIqFjijuzvVLhuY9B8j,https://p.scdn.co/mp3-preview/1cb8377603580ec9a8fc477e3db978c78e163e97?cid=61492e37fc6d4819af6687936f4da95a
Que Malo,que malo,reggaeton,2020-02-29,02:47,https://i.scdn.co/image/ab67616d0000b273548f7ec52da7313de0c5e4a0,368,45861,5,https://open.spotify.com/track/53v2u51nq3CxiKUNphRzP1,https://p.scdn.co/mp3-preview/11c45648195cdbf90065c5a810a848f42e8c7316?cid=61492e37fc6d4819af6687936f4da95a
Vete,vete,reggaeton,2020-02-29,03:12,https://i.scdn.co/image/ab67616d0000b273548f7ec52da7313de0c5e4a0,474,95922,5,https://open.spotify.com/track/2n7ohqg1s68ToAHh4u9mcW,https://p.scdn.co/mp3-preview/f29531b775ce0a986c60591328e95f2869b77b2f?cid=61492e37fc6d4819af6687936f4da95a
MOJAITA,mojaita,reggaeton,2019-06-28,03:07,https://i.scdn.co/image/ab67616d0000b2734891d9b25d8919448388f3bb,79,18920,6,https://open.spotify.com/track/71pEiUWwfDFiRO6RmFpnBf,
YO LE LLEGO,yo le llego,reggaeton,2019-06-28,04:09,https://i.scdn.co/image/ab67616d0000b2734891d9b25d8919448388f3bb,79,21694,6,https://open.spotify.com/track/0uIfrUwwg0Z7KTitul7E3T,
CUIDAO POR AHÍ,cuidao por ahi,reggaeton,2019-06-28,03:18,https://i.scdn.co/image/ab67616d0000b2734891d9b25d8919448388f3bb,31,52005,6,https://open.spotify.com/track/6SYSu569pfYdkDT9A5lZqi,
QUE PRETENDES,que pretendes,reggaeton,2019-06-28,03:42,https://i.scdn.co/image/ab67616d0000b2734891d9b25d8919448388f3bb,320,97873,6,https://open.spotify.com/track/25ZAibhr3bdlMCLmubZDVt,
LA CANCIÓN,la cancion,reggaeton,2019-06-28,04:02,https://i.scdn.co/image/ab67616d0000b2734891d9b25d8919448388f3bb,556,40872,6,https://open.spotify.com/track/0fea68AdmYNygeTGI4RC18,
UN PESO,un peso,reggaeton,2019-06-28,04:37,https://i.scdn.co/image/ab67616d0000b2734891d9b25d8919448388f3bb,551,13745,6,https://open.spotify.com/track/7hynhxDoDpgMIV12JuVtNa,
ODIO,odio,reggaeton,2019-06-28,04:30,https://i.scdn.co/image/ab67616d0000b2734891d9b25d8919448388f3bb,568,51081,6,https://open.spotify.com/track/7alOsNr36sJ8CyOEP4aILq,
COMO UN BEBÉ,como un bebe,reggaeton,2019-06-28,03:38,https://i.scdn.co/image/ab67616d0000b2734891d9b25d8919448388f3bb,114,78332,6,https://open.spotify.com/track/7knLcYCOSaURD0d7HUULFM,
NI BIEN NI MAL,ni bien ni mal,reggaeton,2018-12-23,03:56,https://i.scdn.co/image/ab67616d0000b273519266cd05491a5b5bc22d1e,689,9989,7,https://open.spotify.com/track/278kSqsZIiYp8p3QjYAqa8,https://p.scdn.co/mp3-preview/f8072bab459ca6514f1980116751a1b911c95ff0?cid=61492e37fc6d4819af6687936f4da95a
200 Mph,200 mph,reggaeton,2018-12-23,02:50,https://i.scdn.co/image/ab67616d0000b273519266cd05491a5b5bc22d1e,447,9602,7,https://open.spotify.com/track/5jGUJXnELDaDTgiRjD9lsg,https://p.scdn.co/mp3-preview/0af1876bcbda4861a84ce3d1dc53d6c2d22981fb?cid=61492e37fc6d4819af6687936f4da95a
¿Quien Tu Eres?,quien tu eres?,reggaeton,2018-12-23,02:39,https://i.scdn.co/image/ab67616d0000b273519266cd05491a5b5bc22d1e,611,56870,7,https://open.spotify.com/track/6kN06eEOblRAuWI0xUUS91,https://p.scdn.co/mp3-preview/8fa2314f2347331f2d246a155bbabc249c1d9db4?cid=61492e37fc6d4819af6687936f4da95a
Caro,caro,reggaeton,2018-12-23,03:49,https://i.scdn.co/image/ab67616d0000b273519266cd05491a5b5bc22d1e,938,17357,7,https://open.spotify.com/track/6it15CsDlkqB7N4lF0C1qM,https://p.scdn.co/mp3-preview/04f36a3c226959be55c6d9da5bb3dbb915075891?cid=61492e37fc6d4819af6687936f4da95a
Tenemos Que Hablar,tenemos que hablar,reggaeton,2018-12-23,03:44,https://i.scdn.co/image/ab67616d0000b273519266cd05491a5b5bc22d1e,735,57916,7,https://open.spotify.com/track/5VQpJ2AY2iMzrRZKgcvNjh,https://p.scdn.co/mp3-preview/7ab5141f537c86f468ce52d5f1370f764a4ff9aa?cid=61492e37fc6d4819af6687936f4da95a
Otra Noche en Miami,otra noche en miami,reggaeton,2018-12-23,03:53,https://i.scdn.co/image/ab67616d0000b273519266cd05491a5b5bc22d1e,460,22269,7,https://open.spotify.com/track/4vCAzANUWDE24URV6wQ4ra,https://p.scdn.co/mp3-preview/478d6d425656b654726123fdca0b049e17c98c3a?cid=61492e37fc6d4819af6687936f4da95a
Ser Bichote,ser bichote,reggaeton,2018-12-23,03:13,https://i.scdn.co/image/ab67616d0000b273519266cd05491a5b5bc22d1e,214,2671,7,https://open.spotify.com/track/4UEuIEv9Wc3wtiWUplGJ7q,https://p.scdn.co/mp3-preview/09cbbf0ac396647d74fee9377ed032082cc9338e?cid=61492e37fc6d4819af6687936f4da95a
Si Estuviésemos Juntos,si estuviesemos juntos,reggaeton,2018-12-23,02:49,https://i.scdn.co/image/ab67616d0000b273519266cd05491a5b5bc22d1e,132,61776,7,https://open.spotify.com/track/35wvL50xvKpCHEJPxLOLPI,https://p.scdn.co/mp3-preview/a54a8905dc4d32c3a7e6803e06b5ed4d5823891d?cid=61492e37fc6d4819af6687936f4da95a
Solo de Mi,solo de mi,reggaeton,2018-12-23,03:17,https://i.scdn.co/image/ab67616d0000b273519266cd05491a5b5bc22d1e,644,81039,7,https://open.spotify.com/track/4uP3pUP18ennmz0tb3GphR,https://p.scdn.co/mp3-preview/0d5c7ba12229b99c4d54f590e58651ac6337be63?cid=61492e37fc6d4819af6687936f4da95a
Cuando Perriabas,cuando perriabas,reggaeton,2018-12-23,03:08,https://i.scdn.co/image/ab67616d0000b273519266cd05491a5b5bc22d1e,242,11429,7,https://open.spotify.com/track/5mj8WVFcKdGA8p9HWGTSLc,https://p.scdn.co/mp3-preview/05ca5ebc47df02a0d31f600b4f5ddc13b873bbfa?cid=61492e37fc6d4819af6687936f4da95a
ADIVINO,adivino,reggaeton,2024-04-25,04:38,https://i.scdn.co/image/ab67616d0000b273b41f34aa51be675c5cfd3d94,266,84634,8,https://open.spotify.com/track/0LZy30mVmxqUpdQmaXKXBd,https://p.scdn.co/mp3-preview/9342664668742f1fdf59b7beee2b54dc8fecaada?cid=61492e37fc6d4819af6687936f4da95a
UN PREVIEW,un preview,reggaeton,2023-09-25,02:45,https://i.scdn.co/image/ab67616d0000b273c1156c6f6dedd4b9bdf89428,6,54568,9,https://open.spotify.com/track/63ui2w3QJBp8xx0c1MJB2Z,https://p.scdn.co/mp3-preview/64064ae2901d2fe2afec3d90fa9f73655deceb18?cid=61492e37fc6d4819af6687936f4da95a
K-POP,k-pop,reggaeton,2023-07-21,03:05,https://i.scdn.co/image/ab67616d0000b273893489768de0c42b4d217b82,481,66338,10,https://open.spotify.com/track/5L3ecxQnQ9qTBmnLQiwf0C,https://p.scdn.co/mp3-preview/011ff5d71b1fad87bc1f4bed5a1abab3e0500426?cid=61492e37fc6d4819af6687936f4da95a
MEDIA LUNA,media luna,trap latino,2023-08-28,02:14,https://i.scdn.co/image/ab67616d0000b2734cc96ed1e38fa517608c2fb0,299,91977,11,https://open.spotify.com/track/7h3mCPlHYCPuSG93s7M3Xt,https://p.scdn.co/mp3-preview/8db6d7b9e4b6e543a2aa2aa37e97b022fa568526?cid=61492e37fc6d4819af6687936f4da95a
PASAJERO,pasajero,trap latino,2023-08-28,02:29,https://i.scdn.co/image/ab67616d0000b2734cc96ed1e38fa517608c2fb0,66,59699,11,https://open.spotify.com/track/1uFAI2C6r3YBQmXCAPGzZv,https://p.scdn.co/mp3-preview/09309709f5e725e0aba0a607cc645373a5103c3f?cid=61492e37fc6d4819af6687936f4da95a
PÓLVORA,polvora,trap latino,2023-08-28,03:05,https://i.scdn.co/image/ab67616d0000b2734cc96ed1e38fa517608c2fb0,33,83711,11,https://open.spotify.com/track/3pQr8EhSzvKN3ZZlaL4Pae,https://p.scdn.co/mp3-preview/782f41e268937744887347fb5beae0888c5ed0cf?cid=61492e37fc6d4819af6687936f4da95a
DONDE SE APRENDE A QUERER?,donde se aprende a querer?,trap latino,2023-08-28,02:24,https://i.scdn.co/image/ab67616d0000b2734cc96ed1e38fa517608c2fb0,819,49162,11,https://open.spotify.com/track/0sfk352FO8bJUjWjIsyzSR,https://p.scdn.co/mp3-preview/a7e45143a8f6335a6173256f6131207100d4acc7?cid=61492e37fc6d4819af6687936f4da95a
REINA,reina,trap latino,2023-08-28,03:31,https://i.scdn.co/image/ab67616d0000b2734cc96ed1e38fa517608c2fb0,4,34293,11,https://open.spotify.com/track/0QRHOAeU8JRaVVn3UoZBih,https://p.scdn.co/mp3-preview/0e55a558101e9a74ccd1b6bb46fa9277a64edb2e?cid=61492e37fc6d4819af6687936f4da95a
FANTASÍAS,fantasias,trap latino,2023-08-28,03:11,https://i.scdn.co/image/ab67616d0000b2734cc96ed1e38fa517608c2fb0,47,86153,11,https://open.spotify.com/track/2v1EKQQn4UYC6qB13Vphaf,https://p.scdn.co/mp3-preview/213646ae737ae38ba0150ab2b764aa6b153acdb2?cid=61492e37fc6d4819af6687936f4da95a
EL CHACAL,el chacal,trap latino,2023-08-28,03:17,https://i.scdn.co/image/ab67616d0000b2734cc96ed1e38fa517608c2fb0,253,24728,11,https://open.spotify.com/track/4CQW7jSDYk3kRfv7708NGF,https://p.scdn.co/mp3-preview/1f4f44dd6c87141233bc09ecfe3e32ae2422e7a5?cid=61492e37fc6d4819af6687936f4da95a
LAGUNA,laguna,trap latino,2023-08-28,04:06,https://i.scdn.co/image/ab67616d0000b2734cc96ed1e38fa517608c2fb0,122,53925,11,https://open.spotify.com/track/0JLKzgJT62z3jNWsDt6znJ,https://p.scdn.co/mp3-preview/b1ff9731f6b7c39c25100ca3abf7407ae54a6e60?cid=61492e37fc6d4819af6687936f4da95a
LOKITA,lokita,trap latino,2023-08-28,02:34,https://i.scdn.co/image/ab67616d0000b2734cc96ed1e38fa517608c2fb0,837,64285,11,https://open.spotify.com/track/5Bn7ZZ5EEwUKKN8WV6HmXZ,https://p.scdn.co/mp3-preview/f16da2f9406072e51196a58feebc51148a018b38?cid=61492e37fc6d4819af6687936f4da95a
PIDE,pide,trap latino,2023-08-28,03:27,https://i.scdn.co/image/ab67616d0000b2734cc96ed1e38fa517608c2fb0,353,22287,11,https://open.spotify.com/track/2tAwNLAIBtgXdzQOtVq6mL,https://p.scdn.co/mp3-preview/4b520a1ddb9091251e2e292693d1a9da0cbf4b73?cid=61492e37fc6d4819af6687936f4da95a
BIENVENIDA AL PARAÍSO,bienvenida al paraiso,trap latino,2022-11-03,01:43,https://i.scdn.co/image/ab67616d0000b273076ef0fed51ff7a4911459e9,61,88676,12,https://open.spotify.com/track/6v3fbkLKRH6jsa6dho9ocx,https://p.scdn.co/mp3-preview/25f26880c2aa4e7e529d80fbc39020e5c71df8d9?cid=61492e37fc6d4819af6687936f4da95a
DOMINGO DE BOTE,domingo de bote,trap latino,2022-11-03,03:10,https://i.scdn.co/image/ab67616d0000b273076ef0fed51ff7a4911459e9,666,98716,12,https://open.spotify.com/track/0rvbMTIWwMZaMC9UnubDPb,https://p.scdn.co/mp3-preview/8202e48df44f10e0925f180fb481f19a5e9874fb?cid=61492e37fc6d4819af6687936f4da95a
APA,apa,trap latino,2022-11-03,03:19,https://i.scdn.co/image/ab67616d0000b273076ef0fed51ff7a4911459e9,717,35225,12,https://open.spotify.com/track/3vKYvbzB7801a5qd47pxkm,https://p.scdn.co/mp3-preview/4be4da1b2f85a2c58bc1ec1a3af3488cd19342e3?cid=61492e37fc6d4819af6687936f4da95a
CALENTÓN,calenton,trap latino,2022-11-03,03:22,https://i.scdn.co/image/ab67616d0000b273076ef0fed51ff7a4911459e9,264,18466,12,https://open.spotify.com/track/3l9YiADzNmEvBfZVPEF49F,https://p.scdn.co/mp3-preview/7490715c030377b9f6218ce6e96e0945d7bb30be?cid=61492e37fc6d4819af6687936f4da95a
COSITAS,cositas,trap latino,2022-11-03,03:15,https://i.scdn.co/image/ab67616d0000b273076ef0fed51ff7a4911459e9,995,46254,12,https://open.spotify.com/track/6eP29HuqLSONvO7xTb5dSH,https://p.scdn.co/mp3-preview/d719f8edcb6d111d457b6fc53af50467d46dc222?cid=61492e37fc6d4819af6687936f4da95a
EN LA ORILLA,en la orilla,trap latino,2022-11-03,03:55,https://i.scdn.co/image/ab67616d0000b273076ef0fed51ff7a4911459e9,774,5318,12,https://open.spotify.com/track/3WdR6kP1JJm2kDLaL6nAyH,https://p.scdn.co/mp3-preview/0e3db7082ce33c11d4a9c429f4f6cc0fb6889752?cid=61492e37fc6d4819af6687936f4da95a
MODELITO,modelito,trap latino,2022-11-03,03:10,https://i.scdn.co/image/ab67616d0000b273076ef0fed51ff7a4911459e9,639,71996,12,https://open.spotify.com/track/559YUIWxUc8Mx4lsla13Ff,https://p.scdn.co/mp3-preview/c9a07927d4b64d1246df9bd277ab66f821221eb8?cid=61492e37fc6d4819af6687936f4da95a
CASUALIDAD,casualidad,trap latino,2022-11-03,03:03,https://i.scdn.co/image/ab67616d0000b273076ef0fed51ff7a4911459e9,196,99419,12,https://open.spotify.com/track/3yIyUQXF050PehHtbkgaDu,https://p.scdn.co/mp3-preview/5cf7de78f61e0cedaec6adbcda7e04cc0ce6c017?cid=61492e37fc6d4819af6687936f4da95a
AIRBNB,airbnb,trap latino,2022-11-03,03:05,https://i.scdn.co/image/ab67616d0000b273076ef0fed51ff7a4911459e9,521,69363,12,https://open.spotify.com/track/0fuyLaeHh0TvQ65m5ojgP2,https://p.scdn.co/mp3-preview/653333d066a73c919d0240cfecec96222dc176c7?cid=61492e37fc6d4819af6687936f4da95a
TU SABES DONDE VIVO,tu sabes donde vivo,trap latino,2022-11-03,02:50,https://i.scdn.co/image/ab67616d0000b273076ef0fed51ff7a4911459e9,503,53181,12,https://open.spotify.com/track/5RgSwK9Y13567fta5goKTz,https://p.scdn.co/mp3-preview/ba9bbd1c35e652753a735a604a325fe532b2d9f8?cid=61492e37fc6d4819af6687936f4da95a
badtrip :(,badtrip :(,trap latino,2022-04-01,03:11,https://i.scdn.co/image/ab67616d0000b273851222dc5c5681bd4c3119d3,635,69058,13,https://open.spotify.com/track/3t2ANh6j5JnTCDkVRBsukB,https://p.scdn.co/mp3-preview/428b8626b6327df0071487d52795cc5474db41bb?cid=61492e37fc6d4819af6687936f4da95a
2010,2010,trap latino,2022-04-01,02:51,https://i.scdn.co/image/ab67616d0000b273851222dc5c5681bd4c3119d3,323,24930,13,https://open.spotify.com/track/6XHBJ1LSOcVINYXAAd6KIH,https://p.scdn.co/mp3-preview/2e42d3c748fca6706e4debd8cddea170b58b8c2a?cid=61492e37fc6d4819af6687936f4da95a
MEMORIAS,memorias,trap latino,2022-04-01,03:48,https://i.scdn.co/image/ab67616d0000b273851222dc5c5681bd4c3119d3,248,27548,13,https://open.spotify.com/track/2hLXUbsOU9cDb9RFva9FYr,https://p.scdn.co/mp3-preview/390d56e1f341d4bef7b306fd426996c1d48a6b98?cid=61492e37fc6d4819af6687936f4da95a
ROBERT DE NIRO,robert de niro,trap latino,2022-04-01,02:54,https://i.scdn.co/image/ab67616d0000b273851222dc5c5681bd4c3119d3,161,535,13,https://open.spotify.com/track/3cR23eAZcjukbKtb9knlL4,https://p.scdn.co/mp3-preview/879a932bdb65af3c8d131831cf82fa8ed4b7602e?cid=61492e37fc6d4819af6687936f4da95a
PECADO,pecado,trap latino,2022-04-01,02:51,https://i.scdn.co/image/ab67616d0000b273851222dc5c5681bd4c3119d3,349,58395,13,https://open.spotify.com/track/4tw2afU1W4m0hgaL7XySKO,https://p.scdn.co/mp3-preview/8659c1640214bc3f9424ca53fcc3e4f53442f1d5?cid=61492e37fc6d4819af6687936f4da95a
LINDOR,lindor,trap latino,2022-04-01,02:24,https://i.scdn.co/image/ab67616d0000b273851222dc5c5681bd4c3119d3,130,59559,13,https://open.spotify.com/track/3mEoWn2r5tobVKgV0UP4Ck,https://p.scdn.co/mp3-preview/7ae37a6c07a5d2734da22bec0b3a19bf717e6574?cid=61492e37fc6d4819af6687936f4da95a
TUS LÁGRIMAS,tus lagrimas,trap latino,2022-04-01,02:54,https://i.scdn.co/image/ab67616d0000b273851222dc5c5681bd4c3119d3,364,97451,13,https://open.spotify.com/track/30W8VKHrAZmHzObnwAoc1u,https://p.scdn.co/mp3-preview/4f65ab32afe5f7a5549ef3684d111871da9b2fd6?cid=61492e37fc6d4819af6687936f4da95a
ESCALOFRÍOS,escalofrios,trap latino,2022-04-01,02:18,https://i.scdn.co/image/ab67616d0000b273851222dc5c5681bd4c3119d3,793,30906,13,https://open.spotify.com/track/5CVMsPYtSJ3l7UxYiI2lt7,https://p.scdn.co/mp3-preview/ff055efce91a5a280c51e36558ca819b7e2a25b4?cid=61492e37fc6d4819af6687936f4da95a
PLAYA PRIVADA,playa privada,trap latino,2022-04-01,02:37,https://i.scdn.co/image/ab67616d0000b273851222dc5c5681bd4c3119d3,644,49013,13,https://open.spotify.com/track/2OF2V1JvNjOCOjhnIdfh3L,https://p.scdn.co/mp3-preview/ada49f28ded6746436075a15e75ea8dd31448efd?cid=61492e37fc6d4819af6687936f4da95a
LEJOS DE TI,lejos de ti,trap latino,2022-04-01,02:08,https://i.scdn.co/image/ab67616d0000b273851222dc5c5681bd4c3119d3,672,33257,13,https://open.spotify.com/track/6s9NA1yozoB5fHprO2wVs2,https://p.scdn.co/mp3-preview/8f4ee455d59454809dddc5384e95677a878737f8?cid=61492e37fc6d4819af6687936f4da95a
Primer Dia de Clases,primer dia de clases,trap latino,2021-02-05,02:26,https://i.scdn.co/image/ab67616d0000b273dcec31b44548687b2a81d0c2,222,4551,14,https://open.spotify.com/track/27gItFPvVMtaKsVyt0wHzf,https://p.scdn.co/mp3-preview/737b0e1f476bfb83593a6f53c9849609640aa16c?cid=61492e37fc6d4819af6687936f4da95a
La Receta,la receta,trap latino,2021-02-05,03:52,https://i.scdn.co/image/ab67616d0000b273dcec31b44548687b2a81d0c2,571,94354,14,https://open.spotify.com/track/4IeZs6zIvTQjg43G9raOhu,https://p.scdn.co/mp3-preview/344bcf5fa20795e3961de74ad3c9103ed347a9e7?cid=61492e37fc6d4819af6687936f4da95a
Tuyo,tuyo,trap latino,2021-02-05,04:29,https://i.scdn.co/image/ab67616d0000b273dcec31b44548687b2a81d0c2,320,31666,14,https://open.spotify.com/track/4tQofG51E0juZBBVr6pral,https://p.scdn.co/mp3-preview/dff8446199da5ccc6600596f40fb761827229f44?cid=61492e37fc6d4819af6687936f4da95a
Cuando Sera,cuando sera,trap latino,2021-02-05,02:56,https://i.scdn.co/image/ab67616d0000b273dcec31b44548687b2a81d0c2,279,73138,14,https://open.spotify.com/track/1UmZpd5navRsg2ukqCKJjc,https://p.scdn.co/mp3-preview/4160a22a27851964787465544a78dd1d4e41a94a?cid=61492e37fc6d4819af6687936f4da95a
Volando,volando,trap latino,2021-02-05,03:08,https://i.scdn.co/image/ab67616d0000b273dcec31b44548687b2a81d0c2,516,37531,14,https://open.spotify.com/track/4M6xyu1AHnaWAN8lHMNeo0,https://p.scdn.co/mp3-preview/8a1c2506fee60d064db73139e08963dd1f6fce11?cid=61492e37fc6d4819af6687936f4da95a
512,512,trap latino,2021-02-05,03:13,https://i.scdn.co/image/ab67616d0000b273dcec31b44548687b2a81d0c2,846,46152,14,https://open.spotify.com/track/5jzEwSyyymBlf1fa1o39T2,https://p.scdn.co/mp3-preview/14732f1da793e269259f762892a2d94618d73f7b?cid=61492e37fc6d4819af6687936f4da95a
La Carita,la carita,trap latino,2021-02-05,03:12,https://i.scdn.co/image/ab67616d0000b273dcec31b44548687b2a81d0c2,313,96494,14,https://open.spotify.com/track/7vzrfgC7IGsOaJKaF5JHOA,https://p.scdn.co/mp3-preview/705848b42e2cbc68f41c82f44b4c68387b509141?cid=61492e37fc6d4819af6687936f4da95a
Que Tu Dice?,que tu dice?,trap latino,2021-02-05,03:42,https://i.scdn.co/image/ab67616d0000b273dcec31b44548687b2a81d0c2,519,62867,14,https://open.spotify.com/track/4FOJInWniTRUHBz9brFQBD,https://p.scdn.co/mp3-preview/56505cc0d499c2f8dc66d19d18abddbb5255a71c?cid=61492e37fc6d4819af6687936f4da95a
Te Conoci Perriando,te conoci perriando,trap latino,2021-02-05,03:10,https://i.scdn.co/image/ab67616d0000b273dcec31b44548687b2a81d0c2,495,84709,14,https://open.spotify.com/track/68UxtmtQa5wiUa0sbpPvgd,https://p.scdn.co/mp3-preview/53fd32af6d5e06ddc093692019a1139de392ad4a?cid=61492e37fc6d4819af6687936f4da95a
Afuego,afuego,trap latino,2021-02-05,03:12,https://i.scdn.co/image/ab67616d0000b273dcec31b44548687b2a81d0c2,783,31597,14,https://open.spotify.com/track/4IQlwF6oXJxa6eqAXkYudm,https://p.scdn.co/mp3-preview/0593d74483c979c07009c786cd5c16e2b5a427fc?cid=61492e37fc6d4819af6687936f4da95a
A MI NOMBRE,a mi nombre,trap latino,2024-05-16,03:28,https://i.scdn.co/image/ab67616d0000b2731f73a24baf65cf94b839d8b6,643,46576,15,https://open.spotify.com/track/3o7GSwDLEbm47pkOMRdrIu,
NÚMERO TELEFÓNICO,numero telefonico,trap latino,2024-04-25,03:10,https://i.scdn.co/image/ab67616d0000b273944e0ba27ff8f1cf2b10bf9f,61,20921,16,https://open.spotify.com/track/1zaLNK79Lrkjp9Bo6hbEiL,https://p.scdn.co/mp3-preview/8d5b13ffbda6ffcd62f10992bb39a276448a716d?cid=61492e37fc6d4819af6687936f4da95a
Textos Fríos,textos frios,trap latino,2024-04-24,04:18,https://i.scdn.co/image/ab67616d0000b2732e9b97a01717b0db3b04c31a,337,39983,17,https://open.spotify.com/track/0IYuq2NLUyTyt1jSYP29Af,https://p.scdn.co/mp3-preview/a5cd3c6f2d71e5487649f0714517065811ce96a5?cid=61492e37fc6d4819af6687936f4da95a
Bien Loco,bien loco,trap latino,2024-04-18,03:32,https://i.scdn.co/image/ab67616d0000b2739913ad8c09b67e9a302c41eb,798,38038,18,https://open.spotify.com/track/0Ps4UneYQVkuPb9zXkqFVI,https://p.scdn.co/mp3-preview/fb78b0eab80352071962098508013a7ea7b3b387?cid=61492e37fc6d4819af6687936f4da95a
Cafe Malibú,cafe malibu,trap latino,2023-07-20,04:20,https://i.scdn.co/image/ab67616d0000b27384e7e85c7ac6d990dcab5802,275,74322,19,https://open.spotify.com/track/5uxIvoAHL2QOnRP2olOxzb,https://p.scdn.co/mp3-preview/b6c1fe72513e3db46d5c40c57abd24d32ffab204?cid=61492e37fc6d4819af6687936f4da95a
Donde CRJ - Remix,donde crj - remix,trap latino,2023-05-19,04:16,https://i.scdn.co/image/ab67616d0000b273ea9388356f2b2a853b71665a,276,77156,20,https://open.spotify.com/track/63RgY9Eph41dal0MYH4d6V,https://p.scdn.co/mp3-preview/6731dbae82c0fd2bacf193e5c01499bb6d5be19a?cid=61492e37fc6d4819af6687936f4da95a
I GOT YOU (Feat. Lauv),i got you (feat. lauv),k-pop,2024-02-06,03:04,https://i.scdn.co/image/ab67616d0000b273d112b7516a0a23058a819764,583,1150,21,https://open.spotify.com/track/3X8L4DUPjLUE1cr8omydPT,https://p.scdn.co/mp3-preview/b8712bd1d623d9196dfe0ae11092667ae595f483?cid=61492e37fc6d4819af6687936f4da95a
I GOT YOU (Original),i got you (original),k-pop,2024-02-06,02:53,https://i.scdn.co/image/ab67616d0000b273d112b7516a0a23058a819764,945,15731,21,https://open.spotify.com/track/4RXsi1oTj3uaqoRC9UrwGA,https://p.scdn.co/mp3-preview/c2d16340f54ca825850adae6ba0f0323428526f3?cid=61492e37fc6d4819af6687936f4da95a
I GOT YOU (Lo-fi ver.),i got you (lo-fi ver.),k-pop,2024-02-06,03:10,https://i.scdn.co/image/ab67616d0000b273d112b7516a0a23058a819764,535,36454,21,https://open.spotify.com/track/0AggaBs9dbMzNDessp74H5,https://p.scdn.co/mp3-preview/4a86f28e20f0ad4da7ff6aa9b428fa66d2c092d1?cid=61492e37fc6d4819af6687936f4da95a
I GOT YOU (Hyper ver.),i got you (hyper ver.),k-pop,2024-02-06,02:39,https://i.scdn.co/image/ab67616d0000b273d112b7516a0a23058a819764,55,20735,21,https://open.spotify.com/track/3xOyvOWPMDQfh2aWrDkBMX,https://p.scdn.co/mp3-preview/e9f2bb3bb8d3a0c24f21fa6553c505039d03fb5f?cid=61492e37fc6d4819af6687936f4da95a
I GOT YOU (Garage ver.),i got you (garage ver.),k-pop,2024-02-06,03:10,https://i.scdn.co/image/ab67616d0000b273d112b7516a0a23058a819764,155,33359,21,https://open.spotify.com/track/7aqRPDAmWnjl1dQf8pNgG8,https://p.scdn.co/mp3-preview/a7eeafce9b4d5893409ae2892aec792b1036a597?cid=61492e37fc6d4819af6687936f4da95a
I GOT YOU (Sped Up ver.),i got you (sped up ver.),k-pop,2024-02-06,02:36,https://i.scdn.co/image/ab67616d0000b273d112b7516a0a23058a819764,793,13351,21,https://open.spotify.com/track/4MonjrlUme4bzptofA3qGB,https://p.scdn.co/mp3-preview/2795f7157b9e771ff2305146c4ef8f6943ba5e79?cid=61492e37fc6d4819af6687936f4da95a
I GOT YOU (Feat. Lauv) (Instrumental),i got you (feat. lauv) (instrumental),k-pop,2024-02-06,03:04,https://i.scdn.co/image/ab67616d0000b273d112b7516a0a23058a819764,168,95954,21,https://open.spotify.com/track/4KTkxtGC9UKdutPrvLLSJS,https://p.scdn.co/mp3-preview/7f6824033bc31c0a9902f22c6cc349f3eab93fa3?cid=61492e37fc6d4819af6687936f4da95a
I GOT YOU (Original) (Instrumental),i got you (original) (instrumental),k-pop,2024-02-06,02:53,https://i.scdn.co/image/ab67616d0000b273d112b7516a0a23058a819764,248,89084,21,https://open.spotify.com/track/39nU2n25jRpJCYa6IGRn2P,https://p.scdn.co/mp3-preview/5916f6b4c38ade1dc50fe62284f362702872afcf?cid=61492e37fc6d4819af6687936f4da95a
I GOT YOU (Lo-fi ver.) (Instrumental),i got you (lo-fi ver.) (instrumental),k-pop,2024-02-06,03:10,https://i.scdn.co/image/ab67616d0000b273d112b7516a0a23058a819764,238,8401,21,https://open.spotify.com/track/63PkVAmxonjqSWjB3aEipN,https://p.scdn.co/mp3-preview/fb36c472fc9cc4ba639251abb2e26d2c73d4968b?cid=61492e37fc6d4819af6687936f4da95a
I GOT YOU (Hyper ver.) (Instrumental),i got you (hyper ver.) (instrumental),k-pop,2024-02-06,02:39,https://i.scdn.co/image/ab67616d0000b273d112b7516a0a23058a819764,127,74465,21,https://open.spotify.com/track/7etEtP7UwwuSxbZuwfA80O,https://p.scdn.co/mp3-preview/cea3838976f50a7ae0e230dc4fc474b10806bef4?cid=61492e37fc6d4819af6687936f4da95a
MOONLIGHT SUNRISE (Jonas Blue Remix),moonlight sunrise (jonas blue remix),k-pop,2023-11-22,02:47,https://i.scdn.co/image/ab67616d0000b27385567802f7f91610875b2669,954,69517,22,https://open.spotify.com/track/0H8vXZHYrbMfYJlojEjiS3,https://p.scdn.co/mp3-preview/8441f043c53826292fb1b3f7e69ed437a46c7e0a?cid=61492e37fc6d4819af6687936f4da95a
The Feels (Ian Asher Remix),the feels (ian asher remix),k-pop,2023-11-22,02:51,https://i.scdn.co/image/ab67616d0000b27385567802f7f91610875b2669,696,42294,22,https://open.spotify.com/track/2hN7kHEKFPFArDhJlg7UPm,https://p.scdn.co/mp3-preview/44095ec0cdf6c1817c1eb4a7b233b9502fc64084?cid=61492e37fc6d4819af6687936f4da95a
SET ME FREE (Carneyval Remix),set me free (carneyval remix),k-pop,2023-11-22,02:57,https://i.scdn.co/image/ab67616d0000b27385567802f7f91610875b2669,228,59875,22,https://open.spotify.com/track/3b14obu61ODHmi0vjaajeF,https://p.scdn.co/mp3-preview/ac35e064962a90601cbc5cb5a7ca5fe888b031ea?cid=61492e37fc6d4819af6687936f4da95a
Alcohol-Free (English ver.),alcohol-free (english ver.),k-pop,2023-11-22,03:30,https://i.scdn.co/image/ab67616d0000b27385567802f7f91610875b2669,875,54575,22,https://open.spotify.com/track/6rJjT5kPYhtXkUsot7tkjI,https://p.scdn.co/mp3-preview/f39b1ae6dc76a53a477813a55e15894f132759af?cid=61492e37fc6d4819af6687936f4da95a
CRY FOR ME (English ver.),cry for me (english ver.),k-pop,2023-11-22,03:24,https://i.scdn.co/image/ab67616d0000b27385567802f7f91610875b2669,719,34337,22,https://open.spotify.com/track/6cNj96qS6WfQwSCxWScFFW,https://p.scdn.co/mp3-preview/e5edc05d66d1c42723c820e1196659329fbf525c?cid=61492e37fc6d4819af6687936f4da95a
I CAN’T STOP ME (feat. BOYS LIKE GIRLS),i cant stop me (feat. boys like girls),k-pop,2023-11-22,03:26,https://i.scdn.co/image/ab67616d0000b27385567802f7f91610875b2669,515,16935,22,https://open.spotify.com/track/4gKhh8GQfRprLBBPc5um6Q,https://p.scdn.co/mp3-preview/ac9a24a9320cc6067b912a15baa4e5da1b4d8b5a?cid=61492e37fc6d4819af6687936f4da95a
MORE & MORE (LEE HAE SOL Sped Up Remix),more & more (lee hae sol sped up remix),k-pop,2023-11-22,02:25,https://i.scdn.co/image/ab67616d0000b27385567802f7f91610875b2669,284,52617,22,https://open.spotify.com/track/3PeqOlET4ZX6CKGwrlAX7u,https://p.scdn.co/mp3-preview/96586c07b44358b51bbc564de25d12dce66b2e64?cid=61492e37fc6d4819af6687936f4da95a
SET ME FREE,set me free,k-pop,2023-03-10,03:01,https://i.scdn.co/image/ab67616d0000b27359f57a5ca507a3d3fed81ea6,668,57248,23,https://open.spotify.com/track/4OtVQ2ZxS7yigIjGz5yKg1,https://p.scdn.co/mp3-preview/2755dcfc359bd5391c5f33a6adf9e3c5898a6ee1?cid=61492e37fc6d4819af6687936f4da95a
MOONLIGHT SUNRISE,moonlight sunrise,k-pop,2023-03-10,03:00,https://i.scdn.co/image/ab67616d0000b27359f57a5ca507a3d3fed81ea6,193,9397,23,https://open.spotify.com/track/5IN9W6eUfk3014My9awagX,https://p.scdn.co/mp3-preview/9047e19ad0421f2a33b1711fdab3ae06a93e530b?cid=61492e37fc6d4819af6687936f4da95a
GOT THE THRILLS,got the thrills,k-pop,2023-03-10,02:53,https://i.scdn.co/image/ab67616d0000b27359f57a5ca507a3d3fed81ea6,571,58701,23,https://open.spotify.com/track/1RVsbqAP1WFFXPiBXQYIah,https://p.scdn.co/mp3-preview/325c2b86146bd385dabd442fe5e7603a9fdb8389?cid=61492e37fc6d4819af6687936f4da95a
BLAME IT ON ME,blame it on me,k-pop,2023-03-10,02:40,https://i.scdn.co/image/ab67616d0000b27359f57a5ca507a3d3fed81ea6,198,22602,23,https://open.spotify.com/track/2hQdmjAhYEuMuqNWZCsz1J,https://p.scdn.co/mp3-preview/5e07610d11c567c47940d4a9bda762e44a49b583?cid=61492e37fc6d4819af6687936f4da95a
WALLFLOWER,wallflower,k-pop,2023-03-10,02:56,https://i.scdn.co/image/ab67616d0000b27359f57a5ca507a3d3fed81ea6,460,46711,23,https://open.spotify.com/track/6EGkbPJrb88STcdfMu1j1y,https://p.scdn.co/mp3-preview/818737754a39ece347c5163685ff6f8355d6947b?cid=61492e37fc6d4819af6687936f4da95a
CRAZY STUPID LOVE,crazy stupid love,k-pop,2023-03-10,02:49,https://i.scdn.co/image/ab67616d0000b27359f57a5ca507a3d3fed81ea6,875,24072,23,https://open.spotify.com/track/0jn8sYeWOdYHjdF2cBmF75,https://p.scdn.co/mp3-preview/d60151172522e7216e2eed7ff201deb160242a27?cid=61492e37fc6d4819af6687936f4da95a
SET ME FREE (ENG),set me free (eng),k-pop,2023-03-10,03:01,https://i.scdn.co/image/ab67616d0000b27359f57a5ca507a3d3fed81ea6,313,59085,23,https://open.spotify.com/track/6bkTxw6m6vl8Oc3xtKBXN0,https://p.scdn.co/mp3-preview/b01058781c4398043311438d8d6b45e4477199ae?cid=61492e37fc6d4819af6687936f4da95a
Talk that Talk,talk that talk,k-pop,2022-08-26,02:57,https://i.scdn.co/image/ab67616d0000b273c3040848e6ef0e132c5c8340,837,91622,24,https://open.spotify.com/track/0RDqNCRBGrSegk16Avfzuq,https://p.scdn.co/mp3-preview/706c768ce6ae81c68fc557c326f4933b1c30f822?cid=61492e37fc6d4819af6687936f4da95a
Queen of Hearts,queen of hearts,k-pop,2022-08-26,03:06,https://i.scdn.co/image/ab67616d0000b273c3040848e6ef0e132c5c8340,350,61322,24,https://open.spotify.com/track/3sOEVB8DirQtZc0qhw8lJc,https://p.scdn.co/mp3-preview/6ee0bb57df3290b21c539da7c6e7143ca0ed3cad?cid=61492e37fc6d4819af6687936f4da95a
Basics,basics,k-pop,2022-08-26,02:56,https://i.scdn.co/image/ab67616d0000b273c3040848e6ef0e132c5c8340,917,99549,24,https://open.spotify.com/track/63mL1DdcSFfxVJ9XGnSRQz,https://p.scdn.co/mp3-preview/4935517cc3348c11ed4bce3d6ffb65b3537e3d2b?cid=61492e37fc6d4819af6687936f4da95a
Trouble,trouble,k-pop,2022-08-26,03:35,https://i.scdn.co/image/ab67616d0000b273c3040848e6ef0e132c5c8340,116,17634,24,https://open.spotify.com/track/5L9eGmPwQnhIlJY1qDQ3OJ,https://p.scdn.co/mp3-preview/d800f02bef28f163ed494fe394c8ba090b91b79e?cid=61492e37fc6d4819af6687936f4da95a
Brave,brave,k-pop,2022-08-26,03:09,https://i.scdn.co/image/ab67616d0000b273c3040848e6ef0e132c5c8340,821,40830,24,https://open.spotify.com/track/2peoFPokM6eYAIwLm9IQ8E,https://p.scdn.co/mp3-preview/ac0532b167fdd443facf2b973d2a06ad55731b22?cid=61492e37fc6d4819af6687936f4da95a
Gone,gone,k-pop,2022-08-26,03:15,https://i.scdn.co/image/ab67616d0000b273c3040848e6ef0e132c5c8340,735,89506,24,https://open.spotify.com/track/0tTotZHPsxyjW3jqNJ1td2,https://p.scdn.co/mp3-preview/917edd6b8f688090948c62d7d64eeb894c61d248?cid=61492e37fc6d4819af6687936f4da95a
When We Were Kids,when we were kids,k-pop,2022-08-26,03:09,https://i.scdn.co/image/ab67616d0000b273c3040848e6ef0e132c5c8340,337,51341,24,https://open.spotify.com/track/7uAKsykguOnXZSh0WpOW5z,https://p.scdn.co/mp3-preview/e1a1be75d2711f63e16c0b9066e623c1099c56bc?cid=61492e37fc6d4819af6687936f4da95a
Celebrate,celebrate,k-pop,2022-07-27,03:08,https://i.scdn.co/image/ab67616d0000b27396f409e230a8f42400c901f1,786,74979,25,https://open.spotify.com/track/4Y0chGCyYIRpdUqHJjndF7,https://p.scdn.co/mp3-preview/277823ab1cf2fe6b1a24bd7ebcdd97209f678680?cid=61492e37fc6d4819af6687936f4da95a
Voices of Delight,voices of delight,k-pop,2022-07-27,03:03,https://i.scdn.co/image/ab67616d0000b27396f409e230a8f42400c901f1,900,95259,25,https://open.spotify.com/track/2Ij1NaPpsFSKJ0M65tSV4j,https://p.scdn.co/mp3-preview/112ade52bff96ce4b2e4039ae7d54fdc79255d5a?cid=61492e37fc6d4819af6687936f4da95a
TICK TOCK,tick tock,k-pop,2022-07-27,03:03,https://i.scdn.co/image/ab67616d0000b27396f409e230a8f42400c901f1,599,54341,25,https://open.spotify.com/track/05LG5cpzayKEtup58fdZjA,https://p.scdn.co/mp3-preview/02df65c6a49485e76b175fdf1cd379c9868db411?cid=61492e37fc6d4819af6687936f4da95a
Flow like waves,flow like waves,k-pop,2022-07-27,03:33,https://i.scdn.co/image/ab67616d0000b27396f409e230a8f42400c901f1,606,8048,25,https://open.spotify.com/track/130QnmAd1WGYmMf9TPh8eE,https://p.scdn.co/mp3-preview/0264bd4f6ee12b78b96d12a2672b39611c086afd?cid=61492e37fc6d4819af6687936f4da95a
That's all I'm saying,that's all i'm saying,k-pop,2022-07-27,03:02,https://i.scdn.co/image/ab67616d0000b27396f409e230a8f42400c901f1,784,64057,25,https://open.spotify.com/track/2fziAh8GECzOzuWl3TtuHV,https://p.scdn.co/mp3-preview/c33a863be90e141e7f3b8c472323da5e9b9f52b5?cid=61492e37fc6d4819af6687936f4da95a
Bitter Sweet,bitter sweet,k-pop,2022-07-27,03:30,https://i.scdn.co/image/ab67616d0000b27396f409e230a8f42400c901f1,159,65213,25,https://open.spotify.com/track/4S8oHLnQ9xFigFCLAbplGi,https://p.scdn.co/mp3-preview/893c9069622f0568a4a6535b3aabb8c8779757e8?cid=61492e37fc6d4819af6687936f4da95a
Sandcastle,sandcastle,k-pop,2022-07-27,03:12,https://i.scdn.co/image/ab67616d0000b27396f409e230a8f42400c901f1,285,29281,25,https://open.spotify.com/track/1JxPnxcXUw3XOFHOhnootp,https://p.scdn.co/mp3-preview/c56ef60924c49985aa6e223609ff50995999eb27?cid=61492e37fc6d4819af6687936f4da95a
Just be yourself,just be yourself,k-pop,2022-07-27,03:20,https://i.scdn.co/image/ab67616d0000b27396f409e230a8f42400c901f1,238,53900,25,https://open.spotify.com/track/6zTWUJYLhOFtJaTLCF5pyQ,https://p.scdn.co/mp3-preview/c9afc61008866b8733a2767553d298c4fddf978d?cid=61492e37fc6d4819af6687936f4da95a
Doughnut,doughnut,k-pop,2022-07-27,04:23,https://i.scdn.co/image/ab67616d0000b27396f409e230a8f42400c901f1,118,69035,25,https://open.spotify.com/track/65rmgd5uMb4Rgqb5dSiU0p,https://p.scdn.co/mp3-preview/a4a24eba1f595d2827fa57d7f65bc9322769f019?cid=61492e37fc6d4819af6687936f4da95a
SCIENTIST,scientist,k-pop,2021-11-12,03:14,https://i.scdn.co/image/ab67616d0000b273d1961ecb307c9e05ec8f7e82,690,49688,26,https://open.spotify.com/track/0BJMgVrnWIvgYsjq8KaPeh,https://p.scdn.co/mp3-preview/76310c96e127126cf000a43fcde3ab0b2ceeefbd?cid=61492e37fc6d4819af6687936f4da95a
MOONLIGHT,moonlight,k-pop,2021-11-12,03:39,https://i.scdn.co/image/ab67616d0000b273d1961ecb307c9e05ec8f7e82,319,18338,26,https://open.spotify.com/track/14k4ALBLN2FjtELYDcQUoi,https://p.scdn.co/mp3-preview/7dcb7587accdb90e61c02bfb7d78c6591e450f9b?cid=61492e37fc6d4819af6687936f4da95a
ICON,icon,k-pop,2021-11-12,02:56,https://i.scdn.co/image/ab67616d0000b273d1961ecb307c9e05ec8f7e82,51,26694,26,https://open.spotify.com/track/2VdU1ksBKcETBr8BYRHUvB,https://p.scdn.co/mp3-preview/a9720632a0d35beafcc85bdf2ea2bebee37335b2?cid=61492e37fc6d4819af6687936f4da95a
CRUEL,cruel,k-pop,2021-11-12,03:31,https://i.scdn.co/image/ab67616d0000b273d1961ecb307c9e05ec8f7e82,617,43858,26,https://open.spotify.com/track/139JUU8fJkQoeHl9nABk9C,https://p.scdn.co/mp3-preview/89049d7273b8c5e08476ba032ebb701709cdc77c?cid=61492e37fc6d4819af6687936f4da95a
REAL YOU,real you,k-pop,2021-11-12,03:07,https://i.scdn.co/image/ab67616d0000b273d1961ecb307c9e05ec8f7e82,866,67426,26,https://open.spotify.com/track/3ax3sc1Rn99YbjyKT0HALS,https://p.scdn.co/mp3-preview/3f405244f2ee985df27dbb2111bce076d544900d?cid=61492e37fc6d4819af6687936f4da95a
F.I.L.A (Fall In Love Again),f.i.l.a (fall in love again),k-pop,2021-11-12,03:11,https://i.scdn.co/image/ab67616d0000b273d1961ecb307c9e05ec8f7e82,494,75850,26,https://open.spotify.com/track/4O1WbQwMV0W6Y2dUCvwoBx,https://p.scdn.co/mp3-preview/27d2e82fcdf8cdfec06517fc2ca2d53da416f360?cid=61492e37fc6d4819af6687936f4da95a
LAST WALTZ,last waltz,k-pop,2021-11-12,02:50,https://i.scdn.co/image/ab67616d0000b273d1961ecb307c9e05ec8f7e82,107,35385,26,https://open.spotify.com/track/39kH6C2twlYjyssIW02sbr,https://p.scdn.co/mp3-preview/e5295f523a865e1b6a8d8dfd05fed5132710fb58?cid=61492e37fc6d4819af6687936f4da95a
ESPRESSO,espresso,k-pop,2021-11-12,03:07,https://i.scdn.co/image/ab67616d0000b273d1961ecb307c9e05ec8f7e82,64,9675,26,https://open.spotify.com/track/61iEzLnJzBnMwumWtn0nFp,https://p.scdn.co/mp3-preview/604b4ed1be9d0ce090a5ebc685143327c22f7bed?cid=61492e37fc6d4819af6687936f4da95a
REWIND,rewind,k-pop,2021-11-12,03:00,https://i.scdn.co/image/ab67616d0000b273d1961ecb307c9e05ec8f7e82,244,4631,26,https://open.spotify.com/track/4BBnKqIS2pj2hX0zm0CZZx,https://p.scdn.co/mp3-preview/40b8dfc2962f2c5c071768c397689e12d78de167?cid=61492e37fc6d4819af6687936f4da95a
CACTUS,cactus,k-pop,2021-11-12,03:37,https://i.scdn.co/image/ab67616d0000b273d1961ecb307c9e05ec8f7e82,222,49699,26,https://open.spotify.com/track/5TYy2SgTQUv6YGWHbryUV8,https://p.scdn.co/mp3-preview/ab8919c30442f425dd8f327da5152f7de81f0711?cid=61492e37fc6d4819af6687936f4da95a
Perfect World,perfect world,k-pop,2021-07-28,03:02,https://i.scdn.co/image/ab67616d0000b273579e945923463492cb43a5ce,772,88161,27,https://open.spotify.com/track/0iuZMy88H6vxDA2oaJNhJg,https://p.scdn.co/mp3-preview/0287b8e4655459917e2251880f2f110571720537?cid=61492e37fc6d4819af6687936f4da95a
BETTER,better,k-pop,2021-07-28,03:43,https://i.scdn.co/image/ab67616d0000b273579e945923463492cb43a5ce,746,31393,27,https://open.spotify.com/track/1Wrn6btrungVsBjyViLnuY,https://p.scdn.co/mp3-preview/fcf739723a53c430242f808db063849522f0807b?cid=61492e37fc6d4819af6687936f4da95a
Good at Love,good at love,k-pop,2021-07-28,03:51,https://i.scdn.co/image/ab67616d0000b273579e945923463492cb43a5ce,260,62888,27,https://open.spotify.com/track/4rZ6LHapeH1Cnxgvu8SrFK,https://p.scdn.co/mp3-preview/3e7e4b59bd2f808fef496bee9ae9233b0b1ade42?cid=61492e37fc6d4819af6687936f4da95a
Fanfare,fanfare,k-pop,2021-07-28,03:40,https://i.scdn.co/image/ab67616d0000b273579e945923463492cb43a5ce,196,97077,27,https://open.spotify.com/track/3uqAI1vTwmFuGbLoYSjZHz,https://p.scdn.co/mp3-preview/362a4e5566326f8a3a77cac9f1c32a1ac324489d?cid=61492e37fc6d4819af6687936f4da95a
Kura Kura,kura kura,k-pop,2021-07-28,03:47,https://i.scdn.co/image/ab67616d0000b273579e945923463492cb43a5ce,967,68836,27,https://open.spotify.com/track/3sroak7dIqGRGmC6VQVDtg,https://p.scdn.co/mp3-preview/ec122891ae4e3ec02ad585fa52732fc0f23c2001?cid=61492e37fc6d4819af6687936f4da95a
Four-leaf Clover,four-leaf clover,k-pop,2021-07-28,03:47,https://i.scdn.co/image/ab67616d0000b273579e945923463492cb43a5ce,356,19575,27,https://open.spotify.com/track/4kfWbVi5ND1FOUoN6LK5Es,https://p.scdn.co/mp3-preview/260326bf9b88232290027a3851d120d9dae92298?cid=61492e37fc6d4819af6687936f4da95a
In the summer,in the summer,k-pop,2021-07-28,03:30,https://i.scdn.co/image/ab67616d0000b273579e945923463492cb43a5ce,303,30674,27,https://open.spotify.com/track/04LlwbQp31hLQ6meYbP19t,https://p.scdn.co/mp3-preview/7d1b44088554c525420aef36a2a877a2fbacdb99?cid=61492e37fc6d4819af6687936f4da95a
PIECES OF LOVE,pieces of love,k-pop,2021-07-28,04:01,https://i.scdn.co/image/ab67616d0000b273579e945923463492cb43a5ce,734,27227,27,https://open.spotify.com/track/4xBdYia1CdzUHjguICASZr,https://p.scdn.co/mp3-preview/7c7cbf5d66d6d14c8343094845927fbd16cb2c9b?cid=61492e37fc6d4819af6687936f4da95a
"Thank you, Family","thank you, family",k-pop,2021-07-28,03:17,https://i.scdn.co/image/ab67616d0000b273579e945923463492cb43a5ce,713,64426,27,https://open.spotify.com/track/6LlUHkJ6FsR5NpZA4vsVNe,https://p.scdn.co/mp3-preview/c5c6813e8ab44b3448c57cdde93ec4246b5bddd1?cid=61492e37fc6d4819af6687936f4da95a
PROMISE,promise,k-pop,2021-07-28,04:19,https://i.scdn.co/image/ab67616d0000b273579e945923463492cb43a5ce,826,64745,27,https://open.spotify.com/track/3vA8ZdIqvRARF2pVKlnAWD,https://p.scdn.co/mp3-preview/90b65729d3a5b4e5cbd0cf6b66db1c76f149585d?cid=61492e37fc6d4819af6687936f4da95a
I CAN'T STOP ME,i can't stop me,k-pop,2020-10-26,03:25,https://i.scdn.co/image/ab67616d0000b2736570fd05bcff5edcb16e617d,97,22795,28,https://open.spotify.com/track/37ZtpRBkHcaq6hHy0X98zn,https://p.scdn.co/mp3-preview/db4e054b580f49bade783c8bd13160eeba311e78?cid=61492e37fc6d4819af6687936f4da95a
HELL IN HEAVEN,hell in heaven,k-pop,2020-10-26,02:59,https://i.scdn.co/image/ab67616d0000b2736570fd05bcff5edcb16e617d,648,99512,28,https://open.spotify.com/track/3KCreWc88InXH3XuL54C5a,https://p.scdn.co/mp3-preview/ff3d0bf35d9604dd221d4346c51c84b5fbf716e3?cid=61492e37fc6d4819af6687936f4da95a
UP NO MORE,up no more,k-pop,2020-10-26,03:34,https://i.scdn.co/image/ab67616d0000b2736570fd05bcff5edcb16e617d,220,22891,28,https://open.spotify.com/track/1LiNP5q2thWScdvCRkJ584,https://p.scdn.co/mp3-preview/df4dfacc77b98d9e069c77fd5780ab14469a1e60?cid=61492e37fc6d4819af6687936f4da95a
DO WHAT WE LIKE,do what we like,k-pop,2020-10-26,02:59,https://i.scdn.co/image/ab67616d0000b2736570fd05bcff5edcb16e617d,714,50239,28,https://open.spotify.com/track/54kGRAmn3I49RPAhdWG2sp,https://p.scdn.co/mp3-preview/65ca13a95978ba9dca49576a9c27165323c5e5ce?cid=61492e37fc6d4819af6687936f4da95a
BRING IT BACK,bring it back,k-pop,2020-10-26,03:28,https://i.scdn.co/image/ab67616d0000b2736570fd05bcff5edcb16e617d,556,31667,28,https://open.spotify.com/track/2APCo1hwAaua9CslYXqALD,https://p.scdn.co/mp3-preview/3b8e7c3cde463b8afbf054dcdd64a408702839c9?cid=61492e37fc6d4819af6687936f4da95a
BELIEVER,believer,k-pop,2020-10-26,03:16,https://i.scdn.co/image/ab67616d0000b2736570fd05bcff5edcb16e617d,606,34580,28,https://open.spotify.com/track/7louodH5FUYuL3yvHQtq3O,https://p.scdn.co/mp3-preview/9e5284611bc445f9a84cdf27571a56f663e3f9d8?cid=61492e37fc6d4819af6687936f4da95a
QUEEN,queen,k-pop,2020-10-26,03:13,https://i.scdn.co/image/ab67616d0000b2736570fd05bcff5edcb16e617d,276,23213,28,https://open.spotify.com/track/2xVCwFrNYnllRX1g0drYVI,https://p.scdn.co/mp3-preview/a1a50f78cf060f4577e7b57e2fd6cf423cd7ecb5?cid=61492e37fc6d4819af6687936f4da95a
GO HARD,go hard,k-pop,2020-10-26,03:01,https://i.scdn.co/image/ab67616d0000b2736570fd05bcff5edcb16e617d,392,65964,28,https://open.spotify.com/track/5uZ5VUoj2al8GttE421bTD,https://p.scdn.co/mp3-preview/f2b1c2a62536a0e45bedee72b212e2fd35c0f7ce?cid=61492e37fc6d4819af6687936f4da95a
SHOT CLOCK,shot clock,k-pop,2020-10-26,03:29,https://i.scdn.co/image/ab67616d0000b2736570fd05bcff5edcb16e617d,211,17702,28,https://open.spotify.com/track/5HSooivbDgCWBOv24vtYiB,https://p.scdn.co/mp3-preview/7ddaf267ad5047cf99386a5112309cf65a64c314?cid=61492e37fc6d4819af6687936f4da95a
HANDLE IT,handle it,k-pop,2020-10-26,02:51,https://i.scdn.co/image/ab67616d0000b2736570fd05bcff5edcb16e617d,846,89616,28,https://open.spotify.com/track/2laLdXRHMaHCuqr3DXgzhZ,https://p.scdn.co/mp3-preview/90599c0997531385ae088d43c79c3a3c80354e08?cid=61492e37fc6d4819af6687936f4da95a
MORE & MORE,more & more,k-pop,2020-06-01,03:19,https://i.scdn.co/image/ab67616d0000b27324869424ae632466b839a8a8,399,53315,29,https://open.spotify.com/track/3omvXShuRPM3zbDpWYqf5g,https://p.scdn.co/mp3-preview/693e3b56c5e9000192194d2f3864cf70b68c64b2?cid=61492e37fc6d4819af6687936f4da95a
OXYGEN,oxygen,k-pop,2020-06-01,03:45,https://i.scdn.co/image/ab67616d0000b27324869424ae632466b839a8a8,103,78854,29,https://open.spotify.com/track/128rj96Z6tTEU3h3awSMdB,https://p.scdn.co/mp3-preview/5732af797b931512c3545d0f1ac4c5164f417147?cid=61492e37fc6d4819af6687936f4da95a
FIREWORK,firework,k-pop,2020-06-01,03:13,https://i.scdn.co/image/ab67616d0000b27324869424ae632466b839a8a8,798,94063,29,https://open.spotify.com/track/5NhDDt5Zy8yGOECN3PLRdE,https://p.scdn.co/mp3-preview/9d861c35e039679c56dcad05370c0dd315f3079b?cid=61492e37fc6d4819af6687936f4da95a
MAKE ME GO,make me go,k-pop,2020-06-01,03:06,https://i.scdn.co/image/ab67616d0000b27324869424ae632466b839a8a8,252,52326,29,https://open.spotify.com/track/6caS9LrdquWAfGeAmjqt1t,https://p.scdn.co/mp3-preview/16e6196ffd226daf1d9f254b5e3502ce0e24203b?cid=61492e37fc6d4819af6687936f4da95a
SHADOW,shadow,k-pop,2020-06-01,02:48,https://i.scdn.co/image/ab67616d0000b27324869424ae632466b839a8a8,311,63308,29,https://open.spotify.com/track/7HzvvhTmfzvD1dV4F7MIcm,https://p.scdn.co/mp3-preview/c44d300e1a970d914b2bb9f3f65ad6de51911bbb?cid=61492e37fc6d4819af6687936f4da95a
DON’T CALL ME AGAIN,dont call me again,k-pop,2020-06-01,02:53,https://i.scdn.co/image/ab67616d0000b27324869424ae632466b839a8a8,479,3172,29,https://open.spotify.com/track/4pOPTaIor4ilgBCcOmnJRU,https://p.scdn.co/mp3-preview/3e8d76c5640de0095d4073f669ef7a893476ea8a?cid=61492e37fc6d4819af6687936f4da95a
SWEET SUMMER DAY,sweet summer day,k-pop,2020-06-01,03:11,https://i.scdn.co/image/ab67616d0000b27324869424ae632466b839a8a8,347,15824,29,https://open.spotify.com/track/6UrML9LyuaBWgZV3nFLLGl,https://p.scdn.co/mp3-preview/69c694c65c5db24a0c528b77634cdf0293e7e744?cid=61492e37fc6d4819af6687936f4da95a
SWING,swing,k-pop,2020-02-05,03:22,https://i.scdn.co/image/ab67616d0000b27329e7568dbd16f270b3d96db4,851,69679,30,https://open.spotify.com/track/3egADkalVEpD99sI5AGGYe,https://p.scdn.co/mp3-preview/56182945159e7647bbf6db7431ed64f60026d30f?cid=61492e37fc6d4819af6687936f4da95a
Fake & True,fake & true,k-pop,2020-02-05,03:39,https://i.scdn.co/image/ab67616d0000b27329e7568dbd16f270b3d96db4,194,50292,30,https://open.spotify.com/track/2U3stMMeyotWIzAyK34uGW,https://p.scdn.co/mp3-preview/8c267be08a0fcd64d33d1d18090ba69d93bbaebb?cid=61492e37fc6d4819af6687936f4da95a
Stronger,stronger,k-pop,2020-02-05,03:14,https://i.scdn.co/image/ab67616d0000b27329e7568dbd16f270b3d96db4,610,19021,30,https://open.spotify.com/track/4PaWSg8QnJiY7xkhqdP5Kh,https://p.scdn.co/mp3-preview/9be76574af5cd9e24e85ac8f91ee9956b49340b2?cid=61492e37fc6d4819af6687936f4da95a
Breakthrough,breakthrough,k-pop,2020-02-05,03:37,https://i.scdn.co/image/ab67616d0000b27329e7568dbd16f270b3d96db4,989,87548,30,https://open.spotify.com/track/4FSZ58qDnveyK6aAjFMtN2,https://p.scdn.co/mp3-preview/af124297ba97d3e369f99983c46f724852c9449b?cid=61492e37fc6d4819af6687936f4da95a
Changing!,changing!,k-pop,2020-02-05,03:42,https://i.scdn.co/image/ab67616d0000b27329e7568dbd16f270b3d96db4,107,61203,30,https://open.spotify.com/track/2p1sCfVcsXbZtMx3pjklOQ,https://p.scdn.co/mp3-preview/31670cb8ce3afc84a9258a456d6ef825a8e11dfa?cid=61492e37fc6d4819af6687936f4da95a
HAPPY HAPPY,happy happy,k-pop,2020-02-05,03:26,https://i.scdn.co/image/ab67616d0000b27329e7568dbd16f270b3d96db4,446,22355,30,https://open.spotify.com/track/5kOyJuMFfRjgqC0lsirIHU,https://p.scdn.co/mp3-preview/8b6567437025d682fa41c21418e633a4eb60b124?cid=61492e37fc6d4819af6687936f4da95a
What You Waiting For,what you waiting for,k-pop,2020-02-05,03:21,https://i.scdn.co/image/ab67616d0000b27329e7568dbd16f270b3d96db4,966,91595,30,https://open.spotify.com/track/358ve4TxxUYYJNJaq99iXK,https://p.scdn.co/mp3-preview/3b0c2e65e8bae883f19aeee9791bba6496652941?cid=61492e37fc6d4819af6687936f4da95a
Be OK,be ok,k-pop,2020-02-05,03:08,https://i.scdn.co/image/ab67616d0000b27329e7568dbd16f270b3d96db4,353,32118,30,https://open.spotify.com/track/3TBZv1eEBGFUEzRoNRVnBh,https://p.scdn.co/mp3-preview/f95af19c1656cccb4c2d610b4bd3921e4b989972?cid=61492e37fc6d4819af6687936f4da95a
POLISH,polish,k-pop,2020-02-05,03:01,https://i.scdn.co/image/ab67616d0000b27329e7568dbd16f270b3d96db4,104,62569,30,https://open.spotify.com/track/1ZppWCtHe9AED38H9ue3tn,https://p.scdn.co/mp3-preview/a2fc465a7b6ef3100661a2ae251bb8f1aa9d45b8?cid=61492e37fc6d4819af6687936f4da95a
How u doin',how u doin',k-pop,2020-02-05,03:29,https://i.scdn.co/image/ab67616d0000b27329e7568dbd16f270b3d96db4,618,81295,30,https://open.spotify.com/track/1jHsjW9fFBwPakQdGWDJF2,https://p.scdn.co/mp3-preview/cafe1e5b2ebe76ec133176fda11f4c28007bd3d7?cid=61492e37fc6d4819af6687936f4da95a
SKINNY,skinny,art pop,2024-05-17,03:39,https://i.scdn.co/image/ab67616d0000b27371d62ea7ea8a5be92d3c1f62,391,327,31,https://open.spotify.com/track/1CsMKhwEmNnmvHUuO5nryA,
LUNCH,lunch,art pop,2024-05-17,02:59,https://i.scdn.co/image/ab67616d0000b27371d62ea7ea8a5be92d3c1f62,191,61493,31,https://open.spotify.com/track/629DixmZGHc7ILtEntuiWE,
CHIHIRO,chihiro,art pop,2024-05-17,05:03,https://i.scdn.co/image/ab67616d0000b27371d62ea7ea8a5be92d3c1f62,651,24466,31,https://open.spotify.com/track/7BRD7x5pt8Lqa1eGYC4dzj,
BIRDS OF A FEATHER,birds of a feather,art pop,2024-05-17,03:30,https://i.scdn.co/image/ab67616d0000b27371d62ea7ea8a5be92d3c1f62,45,18701,31,https://open.spotify.com/track/6dOtVTDdiauQNBQEDOtlAB,
WILDFLOWER,wildflower,art pop,2024-05-17,04:21,https://i.scdn.co/image/ab67616d0000b27371d62ea7ea8a5be92d3c1f62,826,30645,31,https://open.spotify.com/track/3QaPy1KgI7nu9FJEQUgn6h,
THE GREATEST,the greatest,art pop,2024-05-17,04:53,https://i.scdn.co/image/ab67616d0000b27371d62ea7ea8a5be92d3c1f62,686,74919,31,https://open.spotify.com/track/6TGd66r0nlPaYm3KIoI7ET,
L’AMOUR DE MA VIE,lamour de ma vie,art pop,2024-05-17,05:33,https://i.scdn.co/image/ab67616d0000b27371d62ea7ea8a5be92d3c1f62,896,62283,31,https://open.spotify.com/track/6fPan2saHdFaIHuTSatORv,
THE DINER,the diner,art pop,2024-05-17,03:06,https://i.scdn.co/image/ab67616d0000b27371d62ea7ea8a5be92d3c1f62,993,33873,31,https://open.spotify.com/track/1LLUoftvmTjVNBHZoQyveF,
BITTERSUITE,bittersuite,art pop,2024-05-17,04:58,https://i.scdn.co/image/ab67616d0000b27371d62ea7ea8a5be92d3c1f62,99,83264,31,https://open.spotify.com/track/7DpUoxGSdlDHfqCYj0otzU,
BLUE,blue,art pop,2024-05-17,05:43,https://i.scdn.co/image/ab67616d0000b27371d62ea7ea8a5be92d3c1f62,896,8213,31,https://open.spotify.com/track/2prqm9sPLj10B4Wg0wE5x9,
Getting Older,getting older,art pop,2021-07-30,04:04,https://i.scdn.co/image/ab67616d0000b2732a038d3bf875d23e4aeaa84e,615,76781,32,https://open.spotify.com/track/4HOryCnbme0zBnF8LWij3f,
I Didn't Change My Number,i didn't change my number,art pop,2021-07-30,02:38,https://i.scdn.co/image/ab67616d0000b2732a038d3bf875d23e4aeaa84e,206,97614,32,https://open.spotify.com/track/7bcy34fBT2ap1L4bfPsl9q,
Billie Bossa Nova,billie bossa nova,art pop,2021-07-30,03:16,https://i.scdn.co/image/ab67616d0000b2732a038d3bf875d23e4aeaa84e,115,50664,32,https://open.spotify.com/track/2KnuaZYoGzDoHiBTNYOTXG,
my future,my future,art pop,2021-07-30,03:30,https://i.scdn.co/image/ab67616d0000b2732a038d3bf875d23e4aeaa84e,585,17410,32,https://open.spotify.com/track/3YUMWmx8EJq0DurfuIwoGh,
Oxytocin,oxytocin,art pop,2021-07-30,03:30,https://i.scdn.co/image/ab67616d0000b2732a038d3bf875d23e4aeaa84e,479,49064,32,https://open.spotify.com/track/4t2OeILB07eMGTXSUbMPEu,
GOLDWING,goldwing,art pop,2021-07-30,02:31,https://i.scdn.co/image/ab67616d0000b2732a038d3bf875d23e4aeaa84e,188,45227,32,https://open.spotify.com/track/0FfqyjhB6Kspvit1oOo7ax,
Lost Cause,lost cause,art pop,2021-07-30,03:32,https://i.scdn.co/image/ab67616d0000b2732a038d3bf875d23e4aeaa84e,415,45240,32,https://open.spotify.com/track/4191RXFPa7Ge9XkA4cWlna,
Halley's Comet,halley's comet,art pop,2021-07-30,03:54,https://i.scdn.co/image/ab67616d0000b2732a038d3bf875d23e4aeaa84e,980,72971,32,https://open.spotify.com/track/5XsAal7ZcWg1I5T4NcRjkv,
Not My Responsibility,not my responsibility,art pop,2021-07-30,03:47,https://i.scdn.co/image/ab67616d0000b2732a038d3bf875d23e4aeaa84e,634,35234,32,https://open.spotify.com/track/4T2zre0jqstNJ5Gt0WG9lz,
OverHeated,overheated,art pop,2021-07-30,03:34,https://i.scdn.co/image/ab67616d0000b2732a038d3bf875d23e4aeaa84e,340,94406,32,https://open.spotify.com/track/5uSG6fUPRaehaV820zcpsK,
!!!!!!!,!!!!!!!,art pop,2019-03-29,00:13,https://i.scdn.co/image/ab67616d0000b27350a3147b4edd7701a876c6ce,873,80369,33,https://open.spotify.com/track/0rQtoQXQfwpDW0c7Fw1NeM,
bad guy,bad guy,art pop,2019-03-29,03:14,https://i.scdn.co/image/ab67616d0000b27350a3147b4edd7701a876c6ce,914,1158,33,https://open.spotify.com/track/2Fxmhks0bxGSBdJ92vM42m,
xanny,xanny,art pop,2019-03-29,04:03,https://i.scdn.co/image/ab67616d0000b27350a3147b4edd7701a876c6ce,83,55989,33,https://open.spotify.com/track/4QIo4oxwzzafcBWkKjDpXY,
you should see me in a crown,you should see me in a crown,art pop,2019-03-29,03:00,https://i.scdn.co/image/ab67616d0000b27350a3147b4edd7701a876c6ce,111,69175,33,https://open.spotify.com/track/3XF5xLJHOQQRbWya6hBp7d,
all the good girls go to hell,all the good girls go to hell,art pop,2019-03-29,02:48,https://i.scdn.co/image/ab67616d0000b27350a3147b4edd7701a876c6ce,530,92833,33,https://open.spotify.com/track/6IRdLKIyS4p7XNiP8r6rsx,
wish you were gay,wish you were gay,art pop,2019-03-29,03:41,https://i.scdn.co/image/ab67616d0000b27350a3147b4edd7701a876c6ce,289,42599,33,https://open.spotify.com/track/3Fj47GNK2kUF0uaEDgXLaD,
when the party's over,when the party's over,art pop,2019-03-29,03:16,https://i.scdn.co/image/ab67616d0000b27350a3147b4edd7701a876c6ce,994,13875,33,https://open.spotify.com/track/43zdsphuZLzwA9k4DJhU0I,
8,8,art pop,2019-03-29,02:53,https://i.scdn.co/image/ab67616d0000b27350a3147b4edd7701a876c6ce,502,15089,33,https://open.spotify.com/track/6X29iaaazwho3ab7GNue5r,
my strange addiction,my strange addiction,art pop,2019-03-29,02:59,https://i.scdn.co/image/ab67616d0000b27350a3147b4edd7701a876c6ce,604,83280,33,https://open.spotify.com/track/3Tc57t9l2O8FwQZtQOvPXK,
bury a friend,bury a friend,art pop,2019-03-29,03:13,https://i.scdn.co/image/ab67616d0000b27350a3147b4edd7701a876c6ce,642,98041,33,https://open.spotify.com/track/4SSnFejRGlZikf02HLewEF,
L’AMOUR DE MA VIE [OVER NOW EXTENDED EDIT],lamour de ma vie [over now extended edit],art pop,2024-05-21,04:31,https://i.scdn.co/image/ab67616d0000b273b4f4348caa31224b51b95dfe,73,12681,34,https://open.spotify.com/track/2Y6U158gVXfvqNWOLdis0R,
"What Was I Made For? [From The Motion Picture ""Barbie""]","what was i made for? [from the motion picture ""barbie""]",art pop,2023-07-13,03:42,https://i.scdn.co/image/ab67616d0000b273ed317ec13d3de9e01fb99c9e,303,34705,35,https://open.spotify.com/track/6wf7Yu7cxBSPrRlWeSeK0Q,
hotline (edit),hotline (edit),art pop,2023-05-09,01:00,https://i.scdn.co/image/ab67616d0000b273c820a9669147be3addd7f221,681,35385,36,https://open.spotify.com/track/0WFryfbNKPXVtVQlz5dZ8H,
TV,tv,art pop,2022-07-21,04:41,https://i.scdn.co/image/ab67616d0000b2737a4781629469bb83356cd318,423,19604,37,https://open.spotify.com/track/3GYlZ7tbxLOxe6ewMNVTkw,
The 30th,the 30th,art pop,2022-07-21,03:36,https://i.scdn.co/image/ab67616d0000b2737a4781629469bb83356cd318,855,83414,37,https://open.spotify.com/track/5SHpuW2qjkQtFRpE6P9Nks,
Happier Than Ever - Edit,happier than ever - edit,art pop,2021-07-28,02:31,https://i.scdn.co/image/ab67616d0000b27331aa3ebe23f59778bff800c9,492,89610,38,https://open.spotify.com/track/32BeYxKPrig1LefHsC0Xuo,
ilomilo - Live From The Film - Billie Eilish: The World’s A Little Blurry,ilomilo - live from the film - billie eilish: the worlds a little blurry,art pop,2021-02-22,02:44,https://i.scdn.co/image/ab67616d0000b27398a3d331aad09aede2a9dcad,242,32444,39,https://open.spotify.com/track/4EYiIACD4vGzOmiKYzRdkW,
Lo Vas A Olvidar (with ROSALÍA),lo vas a olvidar (with rosalia),art pop,2021-01-21,03:23,https://i.scdn.co/image/ab67616d0000b273a5fe409478aefa2527076489,105,27439,40,https://open.spotify.com/track/0jagsVVkxwxhmTIicnOaon,https://p.scdn.co/mp3-preview/4ba469b92388c0eb0777ef71efba8ef1a2ff8199?cid=61492e37fc6d4819af6687936f4da95a
Fortnight (feat. Post Malone),fortnight (feat. post malone),pop,2024-04-19,03:48,https://i.scdn.co/image/ab67616d0000b2738ecc33f195df6aa257c39eaa,465,45504,41,https://open.spotify.com/track/6dODwocEuGzHAavXqTbwHv,
The Tortured Poets Department,the tortured poets department,pop,2024-04-19,04:53,https://i.scdn.co/image/ab67616d0000b2738ecc33f195df6aa257c39eaa,246,39503,41,https://open.spotify.com/track/4PdLaGZubp4lghChqp8erB,
My Boy Only Breaks His Favorite Toys,my boy only breaks his favorite toys,pop,2024-04-19,03:23,https://i.scdn.co/image/ab67616d0000b2738ecc33f195df6aa257c39eaa,559,84432,41,https://open.spotify.com/track/7uGYWMwRy24dm7RUDDhUlD,
Down Bad,down bad,pop,2024-04-19,04:21,https://i.scdn.co/image/ab67616d0000b2738ecc33f195df6aa257c39eaa,639,9457,41,https://open.spotify.com/track/1kbEbBdEgQdQeLXCJh28pJ,
"So Long, London","so long, london",pop,2024-04-19,04:22,https://i.scdn.co/image/ab67616d0000b2738ecc33f195df6aa257c39eaa,127,90167,41,https://open.spotify.com/track/7wAkQFShJ27V8362MqevQr,
But Daddy I Love Him,but daddy i love him,pop,2024-04-19,05:40,https://i.scdn.co/image/ab67616d0000b2738ecc33f195df6aa257c39eaa,641,38143,41,https://open.spotify.com/track/4QMgEffJQuKtjCNvqfRZ0m,
Fresh Out The Slammer,fresh out the slammer,pop,2024-04-19,03:30,https://i.scdn.co/image/ab67616d0000b2738ecc33f195df6aa257c39eaa,684,31852,41,https://open.spotify.com/track/7IWcDWOfiooH5hRs9XOVYz,
Florida!!! (feat. Florence + The Machine),florida!!! (feat. florence + the machine),pop,2024-04-19,03:35,https://i.scdn.co/image/ab67616d0000b2738ecc33f195df6aa257c39eaa,507,49484,41,https://open.spotify.com/track/5ExOm0dh4NyRyAdSAO9hyM,
Guilty as Sin?,guilty as sin?,pop,2024-04-19,04:14,https://i.scdn.co/image/ab67616d0000b2738ecc33f195df6aa257c39eaa,588,76837,41,https://open.spotify.com/track/799KrpEbhZp0MHeiA8YK9P,
Who’s Afraid of Little Old Me?,whos afraid of little old me?,pop,2024-04-19,05:34,https://i.scdn.co/image/ab67616d0000b2738ecc33f195df6aa257c39eaa,983,92805,41,https://open.spotify.com/track/2d8UxVNhJinc8uat9PoM9y,
Fortnight (feat. Post Malone),fortnight (feat. post malone),pop,2024-04-18,03:48,https://i.scdn.co/image/ab67616d0000b2735076e4160d018e378f488c33,915,13683,42,https://open.spotify.com/track/2OzhQlSqBEmt7hmkYxfT6m,
The Tortured Poets Department,the tortured poets department,pop,2024-04-18,04:53,https://i.scdn.co/image/ab67616d0000b2735076e4160d018e378f488c33,227,97840,42,https://open.spotify.com/track/3NMrVbIVWT3fPXBj0rNDKG,
My Boy Only Breaks His Favorite Toys,my boy only breaks his favorite toys,pop,2024-04-18,03:23,https://i.scdn.co/image/ab67616d0000b2735076e4160d018e378f488c33,667,91414,42,https://open.spotify.com/track/2XXwLdtuAcE0HSCu61ijAb,
Down Bad,down bad,pop,2024-04-18,04:21,https://i.scdn.co/image/ab67616d0000b2735076e4160d018e378f488c33,300,86526,42,https://open.spotify.com/track/2F3N9tdombb64aW6VtZOdo,
"So Long, London","so long, london",pop,2024-04-18,04:22,https://i.scdn.co/image/ab67616d0000b2735076e4160d018e378f488c33,222,30632,42,https://open.spotify.com/track/3Vevii7qKqrmW8CcyzBHDl,
But Daddy I Love Him,but daddy i love him,pop,2024-04-18,05:40,https://i.scdn.co/image/ab67616d0000b2735076e4160d018e378f488c33,25,75454,42,https://open.spotify.com/track/5og4Qzt92jJzVDkOtSEilb,
Fresh Out The Slammer,fresh out the slammer,pop,2024-04-18,03:30,https://i.scdn.co/image/ab67616d0000b2735076e4160d018e378f488c33,814,25945,42,https://open.spotify.com/track/3fO566xJgwxIa3qGCGBvIC,
Florida!!! (feat. Florence + The Machine),florida!!! (feat. florence + the machine),pop,2024-04-18,03:35,https://i.scdn.co/image/ab67616d0000b2735076e4160d018e378f488c33,264,4456,42,https://open.spotify.com/track/3ZVFcD8Wlw9T9klGqmJf9F,
Guilty as Sin?,guilty as sin?,pop,2024-04-18,04:14,https://i.scdn.co/image/ab67616d0000b2735076e4160d018e378f488c33,757,84323,42,https://open.spotify.com/track/0W0iAC1VGlB82PI6elxFYf,
Who’s Afraid of Little Old Me?,whos afraid of little old me?,pop,2024-04-18,05:34,https://i.scdn.co/image/ab67616d0000b2735076e4160d018e378f488c33,774,45583,42,https://open.spotify.com/track/36t6frENUtCYKuZus6aYDO,
Welcome To New York (Taylor's Version),welcome to new york (taylor's version),pop,2023-10-27,03:32,https://i.scdn.co/image/ab67616d0000b273dc2bacae1dca83d26e2b1949,998,40392,43,https://open.spotify.com/track/4WUepByoeqcedHoYhSNHRt,
Blank Space (Taylor's Version),blank space (taylor's version),pop,2023-10-27,03:51,https://i.scdn.co/image/ab67616d0000b273dc2bacae1dca83d26e2b1949,523,44179,43,https://open.spotify.com/track/0108kcWLnn2HlH2kedi1gn,
Style (Taylor's Version),style (taylor's version),pop,2023-10-27,03:51,https://i.scdn.co/image/ab67616d0000b273dc2bacae1dca83d26e2b1949,135,40102,43,https://open.spotify.com/track/3Vpk1hfMAQme8VJ0SNRSkd,
Out Of The Woods (Taylor's Version),out of the woods (taylor's version),pop,2023-10-27,03:55,https://i.scdn.co/image/ab67616d0000b273dc2bacae1dca83d26e2b1949,565,3939,43,https://open.spotify.com/track/1OcSfkeCg9hRC2sFKB4IMJ,
All You Had To Do Was Stay (Taylor's Version),all you had to do was stay (taylor's version),pop,2023-10-27,03:13,https://i.scdn.co/image/ab67616d0000b273dc2bacae1dca83d26e2b1949,472,52779,43,https://open.spotify.com/track/2k0ZEeAqzvYMcx9Qt5aClQ,
Shake It Off (Taylor's Version),shake it off (taylor's version),pop,2023-10-27,03:39,https://i.scdn.co/image/ab67616d0000b273dc2bacae1dca83d26e2b1949,759,72676,43,https://open.spotify.com/track/50yNTF0Od55qnHLxYsA5Pw,
I Wish You Would (Taylor's Version),i wish you would (taylor's version),pop,2023-10-27,03:27,https://i.scdn.co/image/ab67616d0000b273dc2bacae1dca83d26e2b1949,377,57616,43,https://open.spotify.com/track/3FxJDucHWdw6caWTKO5b23,
Bad Blood (Taylor's Version),bad blood (taylor's version),pop,2023-10-27,03:31,https://i.scdn.co/image/ab67616d0000b273dc2bacae1dca83d26e2b1949,594,94999,43,https://open.spotify.com/track/7oZONwFiFIErZcXAtTu7FY,
Wildest Dreams (Taylor's Version),wildest dreams (taylor's version),pop,2023-10-27,03:40,https://i.scdn.co/image/ab67616d0000b273dc2bacae1dca83d26e2b1949,273,64310,43,https://open.spotify.com/track/27exgla7YBw9DUNNcTIpjy,
How You Get The Girl (Taylor's Version),how you get the girl (taylor's version),pop,2023-10-27,04:07,https://i.scdn.co/image/ab67616d0000b273dc2bacae1dca83d26e2b1949,399,59332,43,https://open.spotify.com/track/733OhaXQIHY7BKtY3vnSkn,
Welcome To New York (Taylor's Version),welcome to new york (taylor's version),pop,2023-10-26,03:32,https://i.scdn.co/image/ab67616d0000b273904445d70d04eb24d6bb79ac,924,5218,44,https://open.spotify.com/track/1hR8BSuEqPCCZfv93zzzz9,
Blank Space (Taylor's Version),blank space (taylor's version),pop,2023-10-26,03:51,https://i.scdn.co/image/ab67616d0000b273904445d70d04eb24d6bb79ac,884,64395,44,https://open.spotify.com/track/45wMBGri1PORPjM9PwFfrS,
Style (Taylor's Version),style (taylor's version),pop,2023-10-26,03:51,https://i.scdn.co/image/ab67616d0000b273904445d70d04eb24d6bb79ac,878,80715,44,https://open.spotify.com/track/1hjRhYpWyqDpPahmSlUTlc,
Out Of The Woods (Taylor's Version),out of the woods (taylor's version),pop,2023-10-26,03:55,https://i.scdn.co/image/ab67616d0000b273904445d70d04eb24d6bb79ac,554,43083,44,https://open.spotify.com/track/045ZeOHPIzhxxsm8bq5kyE,
All You Had To Do Was Stay (Taylor's Version),all you had to do was stay (taylor's version),pop,2023-10-26,03:13,https://i.scdn.co/image/ab67616d0000b273904445d70d04eb24d6bb79ac,117,39585,44,https://open.spotify.com/track/6GXgd1BPD9bUpqw5AntGV5,
Shake It Off (Taylor's Version),shake it off (taylor's version),pop,2023-10-26,03:39,https://i.scdn.co/image/ab67616d0000b273904445d70d04eb24d6bb79ac,439,38707,44,https://open.spotify.com/track/3pv7Q5v2dpdefwdWIvE7yH,
I Wish You Would (Taylor's Version),i wish you would (taylor's version),pop,2023-10-26,03:27,https://i.scdn.co/image/ab67616d0000b273904445d70d04eb24d6bb79ac,504,76380,44,https://open.spotify.com/track/43y1WpBdnEy5TR9aZoSQL9,
Bad Blood (Taylor's Version),bad blood (taylor's version),pop,2023-10-26,03:31,https://i.scdn.co/image/ab67616d0000b273904445d70d04eb24d6bb79ac,736,98668,44,https://open.spotify.com/track/64FzgoLZ3oXu2SriZblHic,
Wildest Dreams (Taylor's Version),wildest dreams (taylor's version),pop,2023-10-26,03:40,https://i.scdn.co/image/ab67616d0000b273904445d70d04eb24d6bb79ac,554,25995,44,https://open.spotify.com/track/1K39ty6o1sHwwlZwO6a7wK,
How You Get The Girl (Taylor's Version),how you get the girl (taylor's version),pop,2023-10-26,04:07,https://i.scdn.co/image/ab67616d0000b273904445d70d04eb24d6bb79ac,621,37959,44,https://open.spotify.com/track/75W3SngKzTuoQ94uLf3y82,
Mine (Taylor's Version),mine (taylor's version),pop,2023-07-07,03:51,https://i.scdn.co/image/ab67616d0000b2730b04da4f224b51ff86e0a481,568,5886,45,https://open.spotify.com/track/7G0gBu6nLdhFDPRLc0HdDG,
Sparks Fly (Taylor’s Version),sparks fly (taylors version),pop,2023-07-07,04:21,https://i.scdn.co/image/ab67616d0000b2730b04da4f224b51ff86e0a481,147,52610,45,https://open.spotify.com/track/3MytWN8L7shNYzGl4tAKRp,
Back To December (Taylor's Version),back to december (taylor's version),pop,2023-07-07,04:54,https://i.scdn.co/image/ab67616d0000b2730b04da4f224b51ff86e0a481,297,85225,45,https://open.spotify.com/track/79uDOz0zuuWS7HWxzMmTa2,
Speak Now (Taylor's Version),speak now (taylor's version),pop,2023-07-07,04:02,https://i.scdn.co/image/ab67616d0000b2730b04da4f224b51ff86e0a481,554,73887,45,https://open.spotify.com/track/5xXqyjLicvEpch72qEryFT,
Dear John (Taylor's Version),dear john (taylor's version),pop,2023-07-07,06:45,https://i.scdn.co/image/ab67616d0000b2730b04da4f224b51ff86e0a481,462,37468,45,https://open.spotify.com/track/1zU8j1x3yi9xalMF96pzKp,
Mean (Taylor's Version),mean (taylor's version),pop,2023-07-07,03:58,https://i.scdn.co/image/ab67616d0000b2730b04da4f224b51ff86e0a481,355,53195,45,https://open.spotify.com/track/30Y4CV7A6YqtQtTTo7Ue4j,
The Story Of Us (Taylor's Version),the story of us (taylor's version),pop,2023-07-07,04:27,https://i.scdn.co/image/ab67616d0000b2730b04da4f224b51ff86e0a481,187,15607,45,https://open.spotify.com/track/6dTA6y0C2ReQklntzZl8l3,
Never Grow Up (Taylor's Version),never grow up (taylor's version),pop,2023-07-07,04:52,https://i.scdn.co/image/ab67616d0000b2730b04da4f224b51ff86e0a481,34,50276,45,https://open.spotify.com/track/2EFZ9emtKWEglWUQGEQ3P9,
Enchanted (Taylor's Version),enchanted (taylor's version),pop,2023-07-07,05:53,https://i.scdn.co/image/ab67616d0000b2730b04da4f224b51ff86e0a481,808,64276,45,https://open.spotify.com/track/3sW3oSbzsfecv9XoUdGs7h,
Better Than Revenge (Taylor's Version),better than revenge (taylor's version),pop,2023-07-07,03:40,https://i.scdn.co/image/ab67616d0000b2730b04da4f224b51ff86e0a481,241,74990,45,https://open.spotify.com/track/0NwGC0v03ysCYINtg6ns58,
Lavender Haze,lavender haze,pop,2023-05-26,03:22,https://i.scdn.co/image/ab67616d0000b273fa747621a53c8e2cc436dee0,736,19596,46,https://open.spotify.com/track/24emu3sabKISjRkrys28jq,
Maroon,maroon,pop,2023-05-26,03:38,https://i.scdn.co/image/ab67616d0000b273fa747621a53c8e2cc436dee0,475,23889,46,https://open.spotify.com/track/6qxvy9Pe4RJIq5JBVbbwbS,
Anti-Hero,anti-hero,pop,2023-05-26,03:20,https://i.scdn.co/image/ab67616d0000b273fa747621a53c8e2cc436dee0,703,36854,46,https://open.spotify.com/track/5qIHFdkW6phMsTZlN2g8Lc,
Snow On The Beach (feat. Lana Del Rey),snow on the beach (feat. lana del rey),pop,2023-05-26,04:16,https://i.scdn.co/image/ab67616d0000b273fa747621a53c8e2cc436dee0,324,25471,46,https://open.spotify.com/track/7GA86Uo2jYbj8vIXe2nyWd,
"You're On Your Own, Kid","you're on your own, kid",pop,2023-05-26,03:14,https://i.scdn.co/image/ab67616d0000b273fa747621a53c8e2cc436dee0,910,90254,46,https://open.spotify.com/track/6PQOU00xWNrGwCZzboriXy,
Midnight Rain,midnight rain,pop,2023-05-26,02:54,https://i.scdn.co/image/ab67616d0000b273fa747621a53c8e2cc436dee0,908,8026,46,https://open.spotify.com/track/4eKMqf9ZMSclDX7V9Ptg7x,
Question...?,question...?,pop,2023-05-26,03:30,https://i.scdn.co/image/ab67616d0000b273fa747621a53c8e2cc436dee0,632,93402,46,https://open.spotify.com/track/7oomkQSYf1ia2VnVEWfFIU,
Vigilante Shit,vigilante shit,pop,2023-05-26,02:44,https://i.scdn.co/image/ab67616d0000b273fa747621a53c8e2cc436dee0,142,38459,46,https://open.spotify.com/track/0GKDhq6ZbmSbRHd3eyGlB7,
Bejeweled,bejeweled,pop,2023-05-26,03:14,https://i.scdn.co/image/ab67616d0000b273fa747621a53c8e2cc436dee0,705,45491,46,https://open.spotify.com/track/0VpF6RLdCfPIeYRwMu4tZK,
Labyrinth,labyrinth,pop,2023-05-26,04:07,https://i.scdn.co/image/ab67616d0000b273fa747621a53c8e2cc436dee0,1000,87312,46,https://open.spotify.com/track/4bBDkw2KBMX0tcgAaXC83Q,
Lavender Haze,lavender haze,pop,2022-10-22,03:22,https://i.scdn.co/image/ab67616d0000b273e0b60c608586d88252b8fbc0,416,94131,47,https://open.spotify.com/track/4g2c7NoTWAOSYDy44l9nub,
Maroon,maroon,pop,2022-10-22,03:38,https://i.scdn.co/image/ab67616d0000b273e0b60c608586d88252b8fbc0,368,51986,47,https://open.spotify.com/track/199E1RRrVmVTQqBXih5qRC,
Anti-Hero,anti-hero,pop,2022-10-22,03:20,https://i.scdn.co/image/ab67616d0000b273e0b60c608586d88252b8fbc0,817,85446,47,https://open.spotify.com/track/02Zkkf2zMkwRGQjZ7T4p8f,
Snow On The Beach (feat. Lana Del Rey),snow on the beach (feat. lana del rey),pop,2022-10-22,04:16,https://i.scdn.co/image/ab67616d0000b273e0b60c608586d88252b8fbc0,809,73542,47,https://open.spotify.com/track/6ADDIJxxqzM9LMpm78yzQG,
"You're On Your Own, Kid","you're on your own, kid",pop,2022-10-22,03:14,https://i.scdn.co/image/ab67616d0000b273e0b60c608586d88252b8fbc0,740,85439,47,https://open.spotify.com/track/7gVWKBcfIW93YxNBi3ApIE,
Midnight Rain,midnight rain,pop,2022-10-22,02:54,https://i.scdn.co/image/ab67616d0000b273e0b60c608586d88252b8fbc0,585,16660,47,https://open.spotify.com/track/6Nl7KyvjkFncGsjB49SxLl,
Question...?,question...?,pop,2022-10-22,03:30,https://i.scdn.co/image/ab67616d0000b273e0b60c608586d88252b8fbc0,482,93405,47,https://open.spotify.com/track/6C7OF1Jal7YkyjzyUG8vkK,
Vigilante Shit,vigilante shit,pop,2022-10-22,02:44,https://i.scdn.co/image/ab67616d0000b273e0b60c608586d88252b8fbc0,180,98737,47,https://open.spotify.com/track/5yeuXkukVGuix3vmLu2BPJ,
Bejeweled,bejeweled,pop,2022-10-22,03:14,https://i.scdn.co/image/ab67616d0000b273e0b60c608586d88252b8fbc0,514,37537,47,https://open.spotify.com/track/0jvo9CjnbR0lYUDTSNTMiu,
Labyrinth,labyrinth,pop,2022-10-22,04:07,https://i.scdn.co/image/ab67616d0000b273e0b60c608586d88252b8fbc0,110,16954,47,https://open.spotify.com/track/43q586vP8gGkYypKoSddhl,
Lavender Haze,lavender haze,pop,2022-10-21,03:22,https://i.scdn.co/image/ab67616d0000b273bb54dde68cd23e2a268ae0f5,866,44531,48,https://open.spotify.com/track/5jQI2r1RdgtuT8S3iG8zFC,
Maroon,maroon,pop,2022-10-21,03:38,https://i.scdn.co/image/ab67616d0000b273bb54dde68cd23e2a268ae0f5,419,44739,48,https://open.spotify.com/track/3eX0NZfLtGzoLUxPNvRfqm,
Anti-Hero,anti-hero,pop,2022-10-21,03:20,https://i.scdn.co/image/ab67616d0000b273bb54dde68cd23e2a268ae0f5,240,66519,48,https://open.spotify.com/track/0V3wPSX9ygBnCm8psDIegu,
Snow On The Beach (feat. Lana Del Rey),snow on the beach (feat. lana del rey),pop,2022-10-21,04:16,https://i.scdn.co/image/ab67616d0000b273bb54dde68cd23e2a268ae0f5,319,83921,48,https://open.spotify.com/track/1wtOxkiel43cVs0Yux5Q4h,
"You're On Your Own, Kid","you're on your own, kid",pop,2022-10-21,03:14,https://i.scdn.co/image/ab67616d0000b273bb54dde68cd23e2a268ae0f5,80,82133,48,https://open.spotify.com/track/4D7BCuvgdJlYvlX5WlN54t,
Midnight Rain,midnight rain,pop,2022-10-21,02:54,https://i.scdn.co/image/ab67616d0000b273bb54dde68cd23e2a268ae0f5,410,69091,48,https://open.spotify.com/track/3rWDp9tBPQR9z6U5YyRSK4,
Question...?,question...?,pop,2022-10-21,03:30,https://i.scdn.co/image/ab67616d0000b273bb54dde68cd23e2a268ae0f5,811,56905,48,https://open.spotify.com/track/0heeNYlwOGuUSe7TgUD27B,
Vigilante Shit,vigilante shit,pop,2022-10-21,02:44,https://i.scdn.co/image/ab67616d0000b273bb54dde68cd23e2a268ae0f5,353,59637,48,https://open.spotify.com/track/1xwAWUI6Dj0WGC3KiUPN0O,
Bejeweled,bejeweled,pop,2022-10-21,03:14,https://i.scdn.co/image/ab67616d0000b273bb54dde68cd23e2a268ae0f5,471,47692,48,https://open.spotify.com/track/3qoftcUZaUOncvIYjFSPdE,
Labyrinth,labyrinth,pop,2022-10-21,04:07,https://i.scdn.co/image/ab67616d0000b273bb54dde68cd23e2a268ae0f5,9,272,48,https://open.spotify.com/track/0A1JLUlkZkp2EFrosoNQi0,
State Of Grace (Taylor's Version),state of grace (taylor's version),pop,2021-11-12,04:55,https://i.scdn.co/image/ab67616d0000b273318443aab3531a0558e79a4d,722,54479,49,https://open.spotify.com/track/6lzc0Al0zfZOIFsFvBS1ki,
Red (Taylor's Version),red (taylor's version),pop,2021-11-12,03:43,https://i.scdn.co/image/ab67616d0000b273318443aab3531a0558e79a4d,747,8261,49,https://open.spotify.com/track/4OAuvHryIVv4kMDNSLuPt6,
Treacherous (Taylor's Version),treacherous (taylor's version),pop,2021-11-12,04:02,https://i.scdn.co/image/ab67616d0000b273318443aab3531a0558e79a4d,678,97734,49,https://open.spotify.com/track/3S7HNKPakdwNEBFIVTL6dZ,
I Knew You Were Trouble (Taylor's Version),i knew you were trouble (taylor's version),pop,2021-11-12,03:39,https://i.scdn.co/image/ab67616d0000b273318443aab3531a0558e79a4d,168,13985,49,https://open.spotify.com/track/6AtZLIzUINvExIUy4QhdjP,
All Too Well (Taylor's Version),all too well (taylor's version),pop,2021-11-12,05:29,https://i.scdn.co/image/ab67616d0000b273318443aab3531a0558e79a4d,112,28795,49,https://open.spotify.com/track/3nsfB1vus2qaloUdcBZvDu,
22 (Taylor's Version),22 (taylor's version),pop,2021-11-12,03:50,https://i.scdn.co/image/ab67616d0000b273318443aab3531a0558e79a4d,63,56372,49,https://open.spotify.com/track/3yII7UwgLF6K5zW3xad3MP,
I Almost Do (Taylor's Version),i almost do (taylor's version),pop,2021-11-12,04:04,https://i.scdn.co/image/ab67616d0000b273318443aab3531a0558e79a4d,534,15152,49,https://open.spotify.com/track/2r9CbjYgFhtAmcFv1cSquB,
We Are Never Ever Getting Back Together (Taylor's Version),we are never ever getting back together (taylor's version),pop,2021-11-12,03:13,https://i.scdn.co/image/ab67616d0000b273318443aab3531a0558e79a4d,891,63861,49,https://open.spotify.com/track/5YqltLsjdqFtvqE7Nrysvs,
Stay Stay Stay (Taylor's Version),stay stay stay (taylor's version),pop,2021-11-12,03:25,https://i.scdn.co/image/ab67616d0000b273318443aab3531a0558e79a4d,86,50170,49,https://open.spotify.com/track/7eQj6r5PIdYKEIZjucBMcq,
The Last Time (feat. Gary Lightbody of Snow Patrol) (Taylor’s Version),the last time (feat. gary lightbody of snow patrol) (taylors version),pop,2021-11-12,04:59,https://i.scdn.co/image/ab67616d0000b273318443aab3531a0558e79a4d,950,95959,49,https://open.spotify.com/track/0y6kdSRCVQhSsHSpWvTUm7,
Fearless (Taylor’s Version),fearless (taylors version),pop,2021-04-09,04:01,https://i.scdn.co/image/ab67616d0000b273a48964b5d9a3d6968ae3e0de,466,36168,50,https://open.spotify.com/track/77sMIMlNaSURUAXq5coCxE,
Fifteen (Taylor’s Version),fifteen (taylors version),pop,2021-04-09,04:54,https://i.scdn.co/image/ab67616d0000b273a48964b5d9a3d6968ae3e0de,943,70604,50,https://open.spotify.com/track/2nqio0SfWg6gh2eCtfuMa5,
Love Story (Taylor’s Version),love story (taylors version),pop,2021-04-09,03:55,https://i.scdn.co/image/ab67616d0000b273a48964b5d9a3d6968ae3e0de,539,41212,50,https://open.spotify.com/track/6YvqWjhGD8mB5QXcbcUKtx,
Hey Stephen (Taylor’s Version),hey stephen (taylors version),pop,2021-04-09,04:14,https://i.scdn.co/image/ab67616d0000b273a48964b5d9a3d6968ae3e0de,549,52324,50,https://open.spotify.com/track/550erGcdD9n6PnwxrvYqZT,
White Horse (Taylor’s Version),white horse (taylors version),pop,2021-04-09,03:54,https://i.scdn.co/image/ab67616d0000b273a48964b5d9a3d6968ae3e0de,231,24527,50,https://open.spotify.com/track/5YL553x8sHderRBDlm3NM3,
You Belong With Me (Taylor’s Version),you belong with me (taylors version),pop,2021-04-09,03:51,https://i.scdn.co/image/ab67616d0000b273a48964b5d9a3d6968ae3e0de,15,61838,50,https://open.spotify.com/track/1qrpoAMXodY6895hGKoUpA,
Breathe (feat. Colbie Caillat) (Taylor’s Version),breathe (feat. colbie caillat) (taylors version),pop,2021-04-09,04:23,https://i.scdn.co/image/ab67616d0000b273a48964b5d9a3d6968ae3e0de,891,66869,50,https://open.spotify.com/track/7HC7R2D8WjXVcUHJyEGjRs,
Tell Me Why (Taylor’s Version),tell me why (taylors version),pop,2021-04-09,03:20,https://i.scdn.co/image/ab67616d0000b273a48964b5d9a3d6968ae3e0de,876,64291,50,https://open.spotify.com/track/0k0vFacOHNuArLWMiH60p7,
You’re Not Sorry (Taylor’s Version),youre not sorry (taylors version),pop,2021-04-09,04:21,https://i.scdn.co/image/ab67616d0000b273a48964b5d9a3d6968ae3e0de,96,88050,50,https://open.spotify.com/track/6iiAfo4wTA2CVC3Uwx9uh8,
The Way I Loved You (Taylor’s Version),the way i loved you (taylors version),pop,2021-04-09,04:03,https://i.scdn.co/image/ab67616d0000b273a48964b5d9a3d6968ae3e0de,557,23754,50,https://open.spotify.com/track/22bPsP2jCgbLUvh82U0Z3M,
